,schedule_season,schedule_month,schedule_week,Total_Score,over_under_line,Week_Day,Dome_Game,Over_Total_Score_Line,Number_States
0,2012,9,1,41.0,46.0,2,0,0,1
1,2012,9,1,36.0,41.0,6,1,0,1
2,2012,9,1,62.0,42.5,6,0,1,1
3,2012,9,1,33.0,42.0,6,0,0,1
4,2012,9,1,50.0,45.5,6,0,1,1
5,2012,9,1,50.0,46.5,6,1,1,1
6,2012,9,1,52.0,46.5,6,0,1,1
7,2012,9,1,40.0,41.5,6,1,0,1
8,2012,9,1,64.0,43.0,6,0,1,1
9,2012,9,1,49.0,38.0,6,1,1,1
10,2012,9,1,72.0,50.5,6,1,1,1
11,2012,9,1,76.0,39.0,6,0,1,1
12,2012,9,1,26.0,45.5,6,0,0,1
13,2012,9,1,47.0,48.0,6,0,0,1
14,2012,9,1,57.0,43.0,0,0,1,1
15,2012,9,1,36.0,47.5,0,0,0,1
16,2012,9,2,33.0,51.0,3,0,0,1
17,2012,9,2,52.0,45.0,6,0,1,1
18,2012,9,2,62.0,54.0,6,0,1,1
19,2012,9,2,61.0,39.5,6,0,1,1
20,2012,9,2,43.0,45.5,6,1,0,1
21,2012,9,2,34.0,40.0,6,0,0,1
22,2012,9,2,48.0,41.0,6,0,1,1
23,2012,9,2,38.0,47.0,6,0,0,1
24,2012,9,2,75.0,43.5,6,0,1,1
25,2012,9,2,47.0,47.0,6,0,0,1
26,2012,9,2,37.0,43.0,6,0,0,1
27,2012,9,2,48.0,43.5,6,0,1,1
28,2012,9,2,46.0,46.0,6,0,0,1
29,2012,9,2,34.0,43.0,6,0,0,1
30,2012,9,2,59.0,42.5,6,1,1,1
31,2012,9,2,48.0,50.5,0,1,0,1
32,2012,9,3,43.0,49.0,3,0,0,1
33,2012,9,3,33.0,42.0,6,1,0,1
34,2012,9,3,61.0,48.0,6,0,1,1
35,2012,9,3,29.0,42.0,6,0,0,1
36,2012,9,3,38.0,45.0,6,0,0,1
37,2012,9,3,26.0,45.5,6,0,0,1
38,2012,9,3,56.0,43.5,6,0,1,1
39,2012,9,3,39.0,42.0,6,1,0,1
40,2012,9,3,43.0,40.5,6,0,1,1
41,2012,9,3,37.0,42.5,6,1,0,1
42,2012,9,3,51.0,51.5,6,1,0,1
43,2012,9,3,65.0,45.0,6,0,1,1
44,2012,9,3,30.0,47.5,6,0,0,1
45,2012,9,3,85.0,47.0,6,0,1,1
46,2012,9,3,69.0,49.5,6,0,1,1
47,2012,9,3,26.0,45.5,0,0,0,1
48,2012,9,4,39.0,43.5,3,0,0,1
49,2012,9,4,45.0,39.5,6,1,1,1
50,2012,9,4,58.0,48.0,6,1,1,1
51,2012,9,4,80.0,48.5,6,0,1,1
52,2012,9,4,43.0,47.0,6,0,0,1
53,2012,9,4,33.0,48.5,6,1,0,1
54,2012,9,4,55.0,54.0,6,0,1,1
55,2012,9,4,52.0,45.0,6,1,1,1
56,2012,9,4,37.0,45.5,6,0,0,1
57,2012,9,4,57.0,43.5,6,0,1,1
58,2012,9,4,34.0,41.0,6,0,0,1
59,2012,9,4,36.0,46.5,6,0,0,1
60,2012,9,4,32.0,39.0,6,1,0,1
61,2012,9,4,46.0,45.0,6,0,1,1
62,2012,10,4,52.0,41.5,0,0,1,1
63,2012,10,5,20.0,38.0,3,1,0,1
64,2012,10,5,28.0,42.0,6,0,0,1
65,2012,10,5,30.0,45.0,6,0,0,1
66,2012,10,5,57.0,49.0,6,1,1,1
67,2012,10,5,44.0,40.0,6,0,1,1
68,2012,10,5,15.0,47.0,6,0,0,1
69,2012,10,5,37.0,44.0,6,1,0,1
70,2012,10,5,52.0,51.5,6,0,1,1
71,2012,10,5,55.0,52.5,6,1,1,1
72,2012,10,5,68.0,44.0,6,0,1,1
73,2012,10,5,30.0,44.0,6,0,0,1
74,2012,10,5,48.0,45.0,6,0,1,1
75,2012,10,5,41.0,51.0,6,0,0,1
76,2012,10,5,40.0,41.0,0,0,0,1
77,2012,10,6,49.0,43.0,3,0,1,1
78,2012,10,6,35.0,44.0,6,1,0,1
79,2012,10,6,43.0,49.0,6,1,0,1
80,2012,10,6,60.0,45.0,6,0,1,1
81,2012,10,6,58.0,42.0,6,0,1,1
82,2012,10,6,66.0,46.5,6,1,1,1
83,2012,10,6,31.0,38.0,6,0,0,1
84,2012,10,6,44.0,44.0,6,0,0,1
85,2012,10,6,49.0,47.5,6,0,1,1
86,2012,10,6,29.0,46.5,6,0,0,1
87,2012,10,6,47.0,42.5,6,0,1,1
88,2012,10,6,48.0,39.5,6,0,1,1
89,2012,10,6,64.0,44.0,6,0,1,1
90,2012,10,6,59.0,47.5,0,0,1,1
91,2012,10,7,19.0,37.5,3,0,0,1
92,2012,10,7,69.0,46.5,6,0,1,1
93,2012,10,7,33.0,45.0,6,0,0,1
94,2012,10,7,41.0,45.5,6,0,0,1
95,2012,10,7,56.0,47.5,6,1,1,1
96,2012,10,7,30.0,46.5,6,1,0,1
97,2012,10,7,35.0,39.5,6,1,0,1
98,2012,10,7,55.0,47.0,6,0,1,1
99,2012,10,7,50.0,51.5,6,0,0,1
100,2012,10,7,49.0,44.0,6,0,1,1
101,2012,10,7,50.0,45.0,6,1,1,1
102,2012,10,7,63.0,49.5,6,0,1,1
103,2012,10,7,20.0,47.0,0,0,0,1
104,2012,10,8,53.0,43.0,3,1,1,1
105,2012,10,8,45.0,41.5,6,0,1,1
106,2012,10,8,13.0,41.0,6,0,0,1
107,2012,10,8,53.0,48.0,6,0,1,1
108,2012,10,8,48.0,55.0,6,0,0,1
109,2012,10,8,52.0,42.5,6,1,1,1
110,2012,10,8,39.0,45.5,6,0,0,1
111,2012,10,8,42.0,42.5,6,0,0,1
112,2012,10,8,39.0,39.0,6,0,0,1
113,2012,10,8,47.0,43.0,6,0,1,1
114,2012,10,8,39.0,44.0,6,0,0,1
115,2012,10,8,52.0,46.0,6,0,1,1
116,2012,10,8,32.0,47.0,6,0,0,1
117,2012,10,8,27.0,38.5,0,1,0,1
118,2012,11,9,44.0,41.0,3,0,1,1
119,2012,11,9,32.0,47.5,6,1,0,1
120,2012,11,9,54.0,47.5,6,0,1,1
121,2012,11,9,40.0,44.0,6,0,0,1
122,2012,11,9,48.0,43.5,6,0,1,1
123,2012,11,9,30.0,48.0,6,1,0,1
124,2012,11,9,43.0,43.5,6,1,0,1
125,2012,11,9,45.0,44.0,6,0,1,1
126,2012,11,9,44.0,47.5,6,0,0,1
127,2012,11,9,74.0,47.5,6,0,1,1
128,2012,11,9,50.0,38.5,6,0,1,1
129,2012,11,9,71.0,43.5,6,0,1,1
130,2012,11,9,34.0,48.5,6,0,0,1
131,2012,11,9,41.0,52.0,0,1,0,1
132,2012,11,10,37.0,43.5,3,0,0,1
133,2012,11,10,75.0,47.5,6,0,1,1
134,2012,11,10,50.0,47.0,6,0,1,1
135,2012,11,10,19.0,40.0,6,0,0,1
136,2012,11,10,44.0,47.5,6,0,0,1
137,2012,11,10,40.0,44.0,6,0,0,1
138,2012,11,10,58.0,45.5,6,1,1,1
139,2012,11,10,68.0,54.0,6,0,1,1
140,2012,11,10,58.0,54.0,6,1,1,1
141,2012,11,10,61.0,44.5,6,0,1,1
142,2012,11,10,48.0,38.0,6,0,1,1
143,2012,11,10,35.0,38.5,6,0,0,1
144,2012,11,10,58.0,47.0,6,0,1,1
145,2012,11,10,29.0,40.0,0,0,0,1
146,2012,11,11,33.0,46.0,3,0,0,1
147,2012,11,11,42.0,44.0,6,1,0,1
148,2012,11,11,48.0,47.0,6,0,1,1
149,2012,11,11,43.0,43.5,6,0,0,1
150,2012,11,11,53.0,48.0,6,0,1,1
151,2012,11,11,44.0,53.5,6,1,0,1
152,2012,11,11,80.0,40.5,6,1,1,1
153,2012,11,11,34.0,42.5,6,0,0,1
154,2012,11,11,83.0,55.0,6,0,1,1
155,2012,11,11,55.0,56.0,6,0,0,1
156,2012,11,11,23.0,40.5,6,0,0,1
157,2012,11,11,40.0,38.5,6,1,1,1
158,2012,11,11,37.0,46.0,6,0,0,1
159,2012,11,11,39.0,35.0,0,0,1,1
160,2012,11,12,69.0,47.5,3,0,1,1
161,2012,11,12,65.0,49.0,3,1,1,1
162,2012,11,12,68.0,48.5,3,0,1,1
163,2012,11,12,48.0,36.5,6,1,1,1
164,2012,11,12,38.0,39.0,6,0,0,1
165,2012,11,12,44.0,51.0,6,0,0,1
166,2012,11,12,34.0,33.5,6,0,1,1
167,2012,11,12,33.0,51.5,6,1,0,1
168,2012,11,12,43.0,45.0,6,0,0,1
169,2012,11,12,26.0,42.5,6,0,0,1
170,2012,11,12,45.0,38.0,6,0,1,1
171,2012,11,12,52.0,50.0,6,1,1,1
172,2012,11,12,48.0,51.5,6,0,0,1
173,2012,11,12,29.0,47.0,6,0,0,1
174,2012,11,12,47.0,51.5,6,0,0,1
175,2012,11,12,52.0,42.0,0,0,1,1
176,2012,11,13,36.0,55.0,3,1,0,1
177,2012,12,13,43.0,36.5,6,0,1,1
178,2012,12,13,52.0,42.0,6,0,1,1
179,2012,12,13,40.0,37.0,6,0,1,1
180,2012,12,13,71.0,44.0,6,0,1,1
181,2012,12,13,54.0,50.0,6,0,1,1
182,2012,12,13,68.0,51.0,6,1,1,1
183,2012,12,13,37.0,47.0,6,0,0,1
184,2012,12,13,48.0,41.0,6,0,1,1
185,2012,12,13,39.0,51.5,6,0,0,1
186,2012,12,13,13.0,36.5,6,0,0,1
187,2012,12,13,37.0,39.5,6,0,0,1
188,2012,12,13,33.0,46.0,6,0,0,1
189,2012,12,13,29.0,41.0,6,1,0,1
190,2012,12,13,34.0,47.0,6,0,0,1
191,2012,12,13,33.0,50.0,0,0,0,1
192,2012,12,14,39.0,47.0,3,0,0,1
193,2012,12,14,27.0,42.5,6,0,0,1
194,2012,12,14,50.0,47.0,6,0,1,1
195,2012,12,14,39.0,46.0,6,0,0,1
196,2012,12,14,37.0,38.0,6,0,0,1
197,2012,12,14,47.0,49.0,6,0,0,1
198,2012,12,14,50.0,47.0,6,1,1,1
199,2012,12,14,27.0,39.0,6,0,0,1
200,2012,12,14,35.0,40.5,6,1,0,1
201,2012,12,14,79.0,51.5,6,0,1,1
202,2012,12,14,58.0,38.0,6,0,1,1
203,2012,12,14,40.0,38.5,6,0,1,1
204,2012,12,14,58.0,36.0,6,0,1,1
205,2012,12,14,44.0,48.0,6,0,0,1
206,2012,12,14,59.0,48.0,6,0,1,1
207,2012,12,14,56.0,51.0,0,0,1,1
208,2012,12,15,47.0,45.0,3,0,1,1
209,2012,12,15,48.0,43.5,6,1,1,1
210,2012,12,15,34.0,50.0,6,1,0,1
211,2012,12,15,51.0,48.0,6,0,1,1
212,2012,12,15,67.0,44.0,6,1,1,1
213,2012,12,15,34.0,43.5,6,0,0,1
214,2012,12,15,59.0,40.5,6,0,1,1
215,2012,12,15,51.0,46.0,6,0,1,1
216,2012,12,15,46.0,48.0,6,1,0,1
217,2012,12,15,27.0,38.0,6,0,0,1
218,2012,12,15,75.0,47.5,6,0,1,1
219,2012,12,15,41.0,55.0,6,1,0,1
220,2012,12,15,15.0,44.0,6,0,0,1
221,2012,12,15,38.0,45.5,6,0,0,1
222,2012,12,15,58.0,39.5,6,1,1,1
223,2012,12,15,24.0,42.0,0,0,0,1
224,2012,12,16,49.0,50.5,5,1,0,1
225,2012,12,16,41.0,36.5,6,1,1,1
226,2012,12,16,47.0,47.0,6,0,0,1
227,2012,12,16,23.0,47.0,6,0,0,1
228,2012,12,16,65.0,54.5,6,0,1,1
229,2012,12,16,46.0,44.0,6,0,1,1
230,2012,12,16,62.0,44.5,6,0,1,1
231,2012,12,16,29.0,43.5,6,1,0,1
232,2012,12,16,39.0,51.0,6,0,0,1
233,2012,12,16,33.0,41.5,6,0,0,1
234,2012,12,16,34.0,43.0,6,0,0,1
235,2012,12,16,44.0,38.0,6,0,1,1
236,2012,12,16,47.0,46.0,6,0,1,1
237,2012,12,16,23.0,40.0,6,0,0,1
238,2012,12,16,55.0,40.5,6,0,1,1
239,2012,12,16,41.0,44.0,6,0,0,1
240,2012,12,17,39.0,46.0,6,1,0,1
241,2012,12,17,37.0,41.0,6,0,0,1
242,2012,12,17,40.0,42.5,6,0,0,1
243,2012,12,17,41.0,41.5,6,0,0,1
244,2012,12,17,50.0,46.0,6,1,1,1
245,2012,12,17,44.0,47.0,6,1,0,1
246,2012,12,17,71.0,46.0,6,1,1,1
247,2012,12,17,28.0,46.5,6,0,0,1
248,2012,12,17,82.0,54.0,6,1,1,1
249,2012,12,17,49.0,44.5,6,0,1,1
250,2012,12,17,34.0,36.0,6,0,0,1
251,2012,12,17,45.0,41.5,6,0,1,1
252,2012,12,17,40.0,39.5,6,0,1,1
253,2012,12,17,33.0,42.5,6,0,0,1
254,2012,12,17,58.0,42.0,6,0,1,1
255,2012,12,17,46.0,49.0,6,0,0,1
256,2013,9,1,76.0,49.5,3,0,1,1
257,2013,9,1,44.0,51.5,6,0,0,1
258,2013,9,1,19.0,45.0,6,0,0,1
259,2013,9,1,45.0,42.0,6,0,1,1
260,2013,9,1,33.0,40.5,6,0,0,1
261,2013,9,1,67.0,50.0,6,1,1,1
262,2013,9,1,58.0,47.5,6,1,1,1
263,2013,9,1,38.0,45.5,6,1,0,1
264,2013,9,1,30.0,43.0,6,0,0,1
265,2013,9,1,40.0,56.0,6,1,0,1
266,2013,9,1,35.0,39.0,6,0,0,1
267,2013,9,1,25.0,42.0,6,0,0,1
268,2013,9,1,62.0,48.5,6,0,1,1
269,2013,9,1,51.0,41.5,6,1,1,1
270,2013,9,1,59.0,45.5,0,0,1,1
271,2013,9,1,60.0,53.5,0,0,1,1
272,2013,9,2,23.0,43.5,3,0,0,1
273,2013,9,2,46.0,48.5,6,1,0,1
274,2013,9,2,55.0,47.5,6,1,1,1
275,2013,9,2,20.0,44.0,6,0,0,1
276,2013,9,2,47.0,43.5,6,0,1,1
277,2013,9,2,61.0,42.0,6,0,1,1
278,2013,9,2,58.0,50.0,6,0,1,1
279,2013,9,2,54.0,43.0,6,1,1,1
280,2013,9,2,44.0,44.0,6,1,0,1
281,2013,9,2,33.0,46.0,6,0,0,1
282,2013,9,2,64.0,55.5,6,0,1,1
283,2013,9,2,28.0,40.0,6,0,0,1
284,2013,9,2,63.0,54.0,6,0,1,1
285,2013,9,2,32.0,44.5,6,0,0,1
286,2013,9,2,30.0,48.5,6,0,0,1
287,2013,9,2,30.0,41.0,0,0,0,1
288,2013,9,3,42.0,51.0,3,0,0,1
289,2013,9,3,39.0,44.5,6,0,0,1
290,2013,9,3,38.0,47.0,6,0,0,1
291,2013,9,3,64.0,50.5,6,0,1,1
292,2013,9,3,38.0,47.0,6,1,0,1
293,2013,9,3,50.0,46.0,6,0,1,1
294,2013,9,3,58.0,40.5,6,1,1,1
295,2013,9,3,26.0,45.0,6,0,0,1
296,2013,9,3,38.0,49.5,6,1,0,1
297,2013,9,3,47.0,41.0,6,0,1,1
298,2013,9,3,63.0,41.0,6,0,1,1
299,2013,9,3,34.0,47.0,6,0,0,1
300,2013,9,3,62.0,39.5,6,0,1,1
301,2013,9,3,37.0,43.5,6,0,0,1
302,2013,9,3,47.0,49.5,6,0,0,1
303,2013,9,3,58.0,50.0,0,0,1,1
304,2013,9,4,46.0,43.5,3,1,1,1
305,2013,9,4,53.0,50.0,6,1,1,1
306,2013,9,4,43.0,45.0,6,0,0,1
307,2013,9,4,23.0,42.5,6,0,0,1
308,2013,9,4,72.0,59.0,6,0,1,1
309,2013,9,4,72.0,49.5,6,1,1,1
310,2013,9,4,43.0,41.0,6,1,1,1
311,2013,9,4,40.0,42.5,6,0,0,1
312,2013,9,4,38.0,44.0,6,0,0,1
313,2013,9,4,61.0,41.5,6,0,1,1
314,2013,9,4,38.0,46.0,6,0,0,1
315,2013,9,4,51.0,48.0,6,0,1,1
316,2013,9,4,23.0,40.0,6,0,0,1
317,2013,9,4,51.0,40.5,6,0,1,1
318,2013,9,4,55.0,49.0,0,1,1,1
319,2013,10,5,61.0,41.0,3,0,1,1
320,2013,10,5,28.0,42.5,6,1,0,1
321,2013,10,5,44.0,51.5,6,0,0,1
322,2013,10,5,19.0,45.5,6,0,0,1
323,2013,10,5,99.0,57.5,6,1,1,1
324,2013,10,5,31.0,55.0,6,0,0,1
325,2013,10,5,62.0,44.0,6,1,1,1
326,2013,10,5,49.0,43.0,6,0,1,1
327,2013,10,5,57.0,54.0,6,0,1,1
328,2013,10,5,44.0,47.0,6,0,0,1
329,2013,10,5,37.0,44.0,6,0,0,1
330,2013,10,5,54.0,41.0,6,1,1,1
331,2013,10,5,43.0,38.5,6,0,1,1
332,2013,10,5,58.0,45.0,0,1,1,1
333,2013,10,6,48.0,48.0,3,0,0,1
334,2013,10,6,36.0,48.0,6,0,0,1
335,2013,10,6,51.0,41.0,6,0,1,1
336,2013,10,6,48.0,43.5,6,0,1,1
337,2013,10,6,47.0,51.5,6,1,0,1
338,2013,10,6,54.0,52.0,6,0,1,1
339,2013,10,6,51.0,42.5,6,1,1,1
340,2013,10,6,31.0,41.5,6,0,0,1
341,2013,10,6,45.0,44.5,6,1,1,1
342,2013,10,6,57.0,50.0,6,0,1,1
343,2013,10,6,25.0,41.0,6,0,0,1
344,2013,10,6,52.0,41.0,6,0,1,1
345,2013,10,6,33.0,41.5,6,0,0,1
346,2013,10,6,51.0,44.0,6,0,1,1
347,2013,10,6,28.0,50.5,0,0,0,1
348,2013,10,7,56.0,41.5,3,1,1,1
349,2013,10,7,54.0,43.0,6,1,1,1
350,2013,10,7,45.0,42.0,6,0,1,1
351,2013,10,7,51.0,46.0,6,1,1,1
352,2013,10,7,44.0,45.0,6,0,0,1
353,2013,10,7,72.0,55.5,6,1,1,1
354,2013,10,7,30.0,44.5,6,0,0,1
355,2013,10,7,33.0,39.0,6,0,0,1
356,2013,10,7,44.0,44.5,6,0,0,1
357,2013,10,7,57.0,43.0,6,0,1,1
358,2013,10,7,20.0,55.0,6,0,0,1
359,2013,10,7,35.0,41.0,6,0,0,1
360,2013,10,7,48.0,40.5,6,0,1,1
361,2013,10,7,86.0,48.0,6,0,1,1
362,2013,10,7,30.0,47.0,0,0,0,1
363,2013,10,8,44.0,38.5,3,0,1,1
364,2013,10,8,40.0,46.5,6,1,0,1
365,2013,10,8,58.0,41.5,6,0,1,1
366,2013,10,8,66.0,58.0,6,0,1,1
367,2013,10,8,61.0,50.5,6,1,1,1
368,2013,10,8,52.0,40.0,6,0,1,1
369,2013,10,8,40.0,39.0,6,0,1,1
370,2013,10,8,75.0,47.0,6,1,1,1
371,2013,10,8,44.0,45.0,6,0,0,1
372,2013,10,8,52.0,48.0,6,1,1,1
373,2013,10,8,39.0,40.5,6,0,0,1
374,2013,10,8,22.0,49.5,6,0,0,1
375,2013,10,8,23.0,43.5,0,1,0,1
376,2013,10,9,42.0,42.0,3,0,0,1
377,2013,11,9,36.0,41.0,6,0,0,1
378,2013,11,9,44.0,47.0,6,0,0,1
379,2013,11,9,42.0,42.0,6,0,0,1
380,2013,11,9,50.0,50.5,6,1,0,1
381,2013,11,9,51.0,44.0,6,1,1,1
382,2013,11,9,86.0,43.0,6,0,1,1
383,2013,11,9,46.0,46.0,6,0,0,1
384,2013,11,9,69.0,45.5,6,0,1,1
385,2013,11,9,51.0,40.5,6,0,1,1
386,2013,11,9,49.0,40.5,6,1,1,1
387,2013,11,9,54.0,48.5,6,0,1,1
388,2013,11,9,47.0,50.5,0,0,0,1
389,2013,11,10,61.0,48.0,3,1,1,1
390,2013,11,10,51.0,42.0,6,1,1,1
391,2013,11,10,43.0,47.0,6,1,0,1
392,2013,11,10,37.0,43.5,6,0,0,1
393,2013,11,10,40.0,52.0,6,0,0,1
394,2013,11,10,40.0,47.0,6,0,0,1
395,2013,11,10,46.0,43.0,6,1,1,1
396,2013,11,10,66.0,53.5,6,1,1,1
397,2013,11,10,44.0,41.0,6,0,1,1
398,2013,11,10,33.0,43.0,6,0,0,1
399,2013,11,10,48.0,57.0,6,0,0,1
400,2013,11,10,19.0,42.5,6,0,0,1
401,2013,11,10,56.0,42.0,6,0,1,1
402,2013,11,10,41.0,39.5,0,0,1,1
403,2013,11,11,57.0,42.0,3,0,1,1
404,2013,11,11,51.0,39.5,6,0,1,1
405,2013,11,11,43.0,41.0,6,0,1,1
406,2013,11,11,61.0,40.0,6,0,1,1
407,2013,11,11,44.0,49.0,6,0,0,1
408,2013,11,11,51.0,40.5,6,1,1,1
409,2013,11,11,41.0,40.5,6,0,1,1
410,2013,11,11,36.0,44.5,6,0,0,1
411,2013,11,11,43.0,49.5,6,1,0,1
412,2013,11,11,40.0,40.5,6,0,0,1
413,2013,11,11,40.0,54.0,6,0,0,1
414,2013,11,11,64.0,45.0,6,0,1,1
415,2013,11,11,61.0,45.0,6,0,1,1
416,2013,11,11,69.0,43.5,6,0,1,1
417,2013,11,11,44.0,45.5,0,0,0,1
418,2013,11,12,30.0,52.5,3,1,0,1
419,2013,11,12,51.0,44.5,6,1,1,1
420,2013,11,12,22.0,38.5,6,0,0,1
421,2013,11,12,38.0,39.0,6,0,0,1
422,2013,11,12,45.0,48.0,6,1,0,1
423,2013,11,12,52.0,44.5,6,0,1,1
424,2013,11,12,19.0,43.5,6,1,0,1
425,2013,11,12,79.0,42.5,6,0,1,1
426,2013,11,12,36.0,40.5,6,0,0,1
427,2013,11,12,65.0,53.0,6,0,1,1
428,2013,11,12,45.0,44.0,6,0,1,1
429,2013,11,12,42.0,42.0,6,0,0,1
430,2013,11,12,63.0,45.0,6,1,1,1
431,2013,11,12,33.0,47.0,0,0,0,1
432,2013,11,13,42.0,40.5,3,0,1,1
433,2013,11,13,55.0,48.0,3,1,1,1
434,2013,11,13,50.0,48.5,3,1,1,1
435,2013,12,13,65.0,48.5,6,1,1,1
436,2013,12,13,33.0,40.5,6,0,0,1
437,2013,12,13,60.0,39.0,6,0,1,1
438,2013,12,13,65.0,47.5,6,1,1,1
439,2013,12,13,36.0,46.0,6,1,0,1
440,2013,12,13,63.0,50.0,6,0,1,1
441,2013,12,13,43.0,50.5,6,1,0,1
442,2013,12,13,26.0,40.5,6,0,0,1
443,2013,12,13,45.0,48.5,6,0,0,1
444,2013,12,13,27.0,48.5,6,0,0,1
445,2013,12,13,36.0,40.0,6,0,0,1
446,2013,12,13,41.0,44.5,6,0,0,1
447,2013,12,13,41.0,47.5,0,0,0,1
448,2013,12,14,47.0,43.0,3,0,1,1
449,2013,12,14,40.0,41.0,6,1,0,1
450,2013,12,14,55.0,41.5,6,0,1,1
451,2013,12,14,70.0,43.5,6,0,1,1
452,2013,12,14,79.0,49.5,6,0,1,1
453,2013,12,14,43.0,45.0,6,0,0,1
454,2013,12,14,53.0,47.5,6,0,1,1
455,2013,12,14,44.0,46.5,6,1,0,1
456,2013,12,14,64.0,39.5,6,0,1,1
457,2013,12,14,54.0,53.5,6,0,1,1
458,2013,12,14,62.0,41.0,6,0,1,1
459,2013,12,14,51.0,46.5,6,0,1,1
460,2013,12,14,36.0,41.0,6,0,0,1
461,2013,12,14,33.0,42.5,6,0,0,1
462,2013,12,14,55.0,44.5,6,0,1,1
463,2013,12,14,73.0,49.5,0,0,1,1
464,2013,12,15,47.0,57.0,3,0,0,1
465,2013,12,15,53.0,49.0,6,1,1,1
466,2013,12,15,50.0,40.5,6,0,1,1
467,2013,12,15,69.0,44.0,6,0,1,1
468,2013,12,15,73.0,49.5,6,1,1,1
469,2013,12,15,28.0,47.0,6,1,0,1
470,2013,12,15,47.0,43.5,6,0,1,1
471,2013,12,15,44.0,46.5,6,0,0,1
472,2013,12,15,78.0,53.0,6,1,1,1
473,2013,12,15,23.0,43.0,6,0,0,1
474,2013,12,15,87.0,44.5,6,0,1,1
475,2013,12,15,50.0,43.0,6,0,1,1
476,2013,12,15,43.0,48.0,6,1,0,1
477,2013,12,15,47.0,41.0,6,0,1,1
478,2013,12,15,71.0,42.5,6,0,1,1
479,2013,12,15,34.0,49.0,0,1,0,1
480,2013,12,16,48.0,44.5,6,0,1,1
481,2013,12,16,19.0,42.5,6,0,0,1
482,2013,12,16,30.0,44.5,6,0,0,1
483,2013,12,16,56.0,47.5,6,0,1,1
484,2013,12,16,43.0,48.5,6,1,0,1
485,2013,12,16,69.0,44.5,6,0,1,1
486,2013,12,16,50.0,53.5,6,1,0,1
487,2013,12,16,36.0,44.0,6,0,0,1
488,2013,12,16,30.0,46.5,6,0,0,1
489,2013,12,16,37.0,42.0,6,0,0,1
490,2013,12,16,65.0,55.0,6,0,1,1
491,2013,12,16,39.0,51.0,6,0,0,1
492,2013,12,16,27.0,43.0,6,0,0,1
493,2013,12,16,36.0,43.0,6,1,0,1
494,2013,12,16,47.0,52.0,6,0,0,1
495,2013,12,16,58.0,46.0,0,0,1,1
496,2013,12,17,43.0,41.0,6,1,1,1
497,2013,12,17,41.0,46.5,6,1,0,1
498,2013,12,17,61.0,51.5,6,0,1,1
499,2013,12,17,51.0,42.5,6,0,1,1
500,2013,12,17,46.0,52.5,6,1,0,1
501,2013,12,17,40.0,45.0,6,1,0,1
502,2013,12,17,27.0,41.0,6,0,0,1
503,2013,12,17,27.0,49.5,6,1,0,1
504,2013,12,17,54.0,46.0,6,0,1,1
505,2013,12,17,59.0,46.5,6,1,1,1
506,2013,12,17,26.0,44.5,6,0,0,1
507,2013,12,17,48.0,53.5,6,0,0,1
508,2013,12,17,27.0,44.5,6,0,0,1
509,2013,12,17,51.0,45.0,6,0,1,1
510,2013,12,17,36.0,41.0,6,0,0,1
511,2013,12,17,26.0,44.5,6,0,0,1
512,2014,9,1,52.0,46.5,3,0,1,1
513,2014,9,1,71.0,52.0,6,1,1,1
514,2014,9,1,39.0,42.5,6,0,0,1
515,2014,9,1,43.0,47.0,6,0,0,1
516,2014,9,1,45.0,51.0,6,1,0,1
517,2014,9,1,55.0,55.0,6,0,0,1
518,2014,9,1,23.0,44.5,6,1,0,1
519,2014,9,1,36.0,44.0,6,0,0,1
520,2014,9,1,53.0,46.5,6,0,1,1
521,2014,9,1,33.0,40.5,6,0,0,1
522,2014,9,1,51.0,51.5,6,0,0,1
523,2014,9,1,57.0,41.0,6,0,1,1
524,2014,9,1,40.0,43.0,6,1,0,1
525,2014,9,1,34.0,37.5,6,0,0,1
526,2014,9,1,35.0,47.0,0,1,0,1
527,2014,9,1,49.0,47.0,0,1,1,1
528,2014,9,2,32.0,44.5,3,0,0,1
529,2014,9,2,39.0,43.0,6,0,0,1
530,2014,9,2,31.0,43.5,6,0,0,1
531,2014,9,2,34.0,49.0,6,0,0,1
532,2014,9,2,50.0,49.5,6,0,1,1
533,2014,9,2,41.0,49.0,6,0,0,1
534,2014,9,2,55.0,46.5,6,0,1,1
535,2014,9,2,37.0,49.0,6,0,0,1
536,2014,9,2,39.0,41.5,6,0,0,1
537,2014,9,2,44.0,42.0,6,0,1,1
538,2014,9,2,51.0,45.0,6,0,1,1
539,2014,9,2,48.0,47.5,6,0,1,1
540,2014,9,2,36.0,37.5,6,0,0,1
541,2014,9,2,36.0,49.5,6,0,0,1
542,2014,9,2,51.0,43.0,6,0,1,1
543,2014,9,2,57.0,54.0,0,1,1,1
544,2014,9,3,70.0,47.0,3,1,1,1
545,2014,9,3,37.0,41.0,6,1,0,1
546,2014,9,3,32.0,45.5,6,0,0,1
547,2014,9,3,56.0,42.5,6,0,1,1
548,2014,9,3,40.0,44.5,6,0,0,1
549,2014,9,3,44.0,43.0,6,0,1,1
550,2014,9,3,26.0,52.0,6,1,0,1
551,2014,9,3,61.0,45.0,6,0,1,1
552,2014,9,3,49.0,42.5,6,0,1,1
553,2014,9,3,25.0,47.0,6,0,0,1
554,2014,9,3,29.0,49.5,6,1,0,1
555,2014,9,3,47.0,41.5,6,0,1,1
556,2014,9,3,71.0,50.0,6,0,1,1
557,2014,9,3,46.0,48.0,6,0,0,1
558,2014,9,3,65.0,45.0,6,1,1,1
559,2014,9,3,46.0,45.0,0,0,1,1
560,2014,9,4,59.0,44.5,3,0,1,1
561,2014,9,4,48.0,42.0,6,0,1,1
562,2014,9,4,55.0,51.0,6,0,1,1
563,2014,9,4,55.0,54.0,6,1,1,1
564,2014,9,4,40.0,44.0,6,1,0,1
565,2014,9,4,58.0,46.0,6,1,1,1
566,2014,9,4,69.0,47.5,6,0,1,1
567,2014,9,4,41.0,44.0,6,0,0,1
568,2014,9,4,52.0,41.0,6,0,1,1
569,2014,9,4,51.0,45.0,6,0,1,1
570,2014,9,4,47.0,44.5,6,0,1,1
571,2014,9,4,47.0,49.5,6,0,0,1
572,2014,9,4,55.0,45.5,0,0,1,1
573,2014,10,5,52.0,46.5,3,0,1,1
574,2014,10,5,55.0,47.0,6,0,1,1
575,2014,10,5,37.0,48.0,6,1,0,1
576,2014,10,5,61.0,47.5,6,0,1,1
577,2014,10,5,31.0,43.5,6,1,0,1
578,2014,10,5,33.0,49.5,6,1,0,1
579,2014,10,5,26.0,47.5,6,0,0,1
580,2014,10,5,60.0,46.5,6,0,1,1
581,2014,10,5,68.0,48.0,6,1,1,1
582,2014,10,5,50.0,50.5,6,0,0,1
583,2014,10,5,62.0,48.0,6,0,1,1
584,2014,10,5,31.0,44.5,6,0,0,1
585,2014,10,5,39.0,43.5,6,0,0,1
586,2014,10,5,57.0,44.0,6,0,1,1
587,2014,10,5,44.0,46.0,0,0,0,1
588,2014,10,6,61.0,46.0,3,1,1,1
589,2014,10,6,50.0,46.5,6,1,1,1
590,2014,10,6,40.0,56.0,6,1,0,1
591,2014,10,6,59.0,44.5,6,0,1,1
592,2014,10,6,74.0,44.0,6,0,1,1
593,2014,10,6,41.0,46.5,6,0,0,1
594,2014,10,6,51.0,47.0,6,0,1,1
595,2014,10,6,20.0,43.0,6,0,0,1
596,2014,10,6,48.0,47.5,6,0,1,1
597,2014,10,6,59.0,44.0,6,0,1,1
598,2014,10,6,27.0,51.0,6,0,0,1
599,2014,10,6,53.0,47.0,6,0,1,1
600,2014,10,6,65.0,44.5,6,0,1,1
601,2014,10,6,30.0,42.5,6,0,0,1
602,2014,10,6,48.0,44.5,0,1,1,1
603,2014,10,7,52.0,44.5,3,0,1,1
604,2014,10,7,36.0,50.0,6,0,0,1
605,2014,10,7,33.0,43.0,6,0,0,1
606,2014,10,7,41.0,48.0,6,0,0,1
607,2014,10,7,52.0,47.0,6,1,1,1
608,2014,10,7,59.0,48.5,6,0,1,1
609,2014,10,7,47.0,46.5,6,1,1,1
610,2014,10,7,55.0,49.5,6,0,1,1
611,2014,10,7,27.0,50.5,6,1,0,1
612,2014,10,7,30.0,45.0,6,0,0,1
613,2014,10,7,37.0,46.5,6,0,0,1
614,2014,10,7,43.0,46.0,6,0,0,1
615,2014,10,7,54.0,43.5,6,1,1,1
616,2014,10,7,36.0,46.5,6,0,0,1
617,2014,10,7,53.0,44.5,0,0,1,1
618,2014,10,8,56.0,51.0,3,0,1,1
619,2014,10,8,44.0,48.5,6,1,0,1
620,2014,10,8,43.0,45.5,6,0,0,1
621,2014,10,8,22.0,45.0,6,0,0,1
622,2014,10,8,51.0,44.5,6,0,1,1
623,2014,10,8,36.0,44.5,6,0,0,1
624,2014,10,8,40.0,42.0,6,0,0,1
625,2014,10,8,41.0,44.0,6,0,0,1
626,2014,10,8,74.0,52.0,6,0,1,1
627,2014,10,8,67.0,55.5,6,1,1,1
628,2014,10,8,66.0,40.5,6,0,1,1
629,2014,10,8,85.0,48.5,6,0,1,1
630,2014,10,8,32.0,43.0,6,0,0,1
631,2014,10,8,46.0,43.0,6,0,1,1
632,2014,10,8,37.0,49.0,0,1,0,1
633,2014,10,9,38.0,49.0,3,0,0,1
634,2014,11,9,56.0,43.5,6,0,1,1
635,2014,11,9,39.0,44.0,6,0,0,1
636,2014,11,9,45.0,45.0,6,1,0,1
637,2014,11,9,52.0,48.5,6,1,1,1
638,2014,11,9,34.0,41.5,6,0,0,1
639,2014,11,9,37.0,45.0,6,0,0,1
640,2014,11,9,55.0,44.0,6,0,1,1
641,2014,11,9,64.0,53.0,6,0,1,1
642,2014,11,9,66.0,48.0,6,0,1,1
643,2014,11,9,23.0,44.0,6,0,0,1
644,2014,11,9,54.0,44.0,6,0,1,1
645,2014,11,9,64.0,51.5,0,0,1,1
646,2014,11,10,27.0,46.0,3,0,0,1
647,2014,11,10,45.0,43.5,6,1,1,1
648,2014,11,10,28.0,44.0,6,0,0,1
649,2014,11,10,30.0,42.0,6,0,0,1
650,2014,11,10,36.0,43.0,6,1,0,1
651,2014,11,10,69.0,54.0,6,0,1,1
652,2014,11,10,48.0,45.0,6,0,1,1
653,2014,11,10,51.0,49.5,6,1,1,1
654,2014,11,10,33.0,47.0,6,0,0,1
655,2014,11,10,58.0,51.0,6,0,1,1
656,2014,11,10,55.0,45.0,6,0,1,1
657,2014,11,10,44.0,47.0,6,0,0,1
658,2014,11,10,66.0,48.5,0,0,1,1
659,2014,11,11,31.0,41.0,3,0,0,1
660,2014,11,11,20.0,41.5,6,1,0,1
661,2014,11,11,36.0,47.0,6,0,0,1
662,2014,11,11,34.0,46.5,6,0,0,1
663,2014,11,11,30.0,42.0,6,0,0,1
664,2014,11,11,73.0,55.5,6,0,1,1
665,2014,11,11,62.0,59.0,6,1,1,1
666,2014,11,11,44.0,43.5,6,0,1,1
667,2014,11,11,37.0,51.5,6,1,0,1
668,2014,11,11,26.0,45.0,6,0,0,1
669,2014,11,11,19.0,45.5,6,0,0,1
670,2014,11,11,29.0,50.0,6,1,0,1
671,2014,11,11,34.0,46.0,6,0,0,1
672,2014,11,11,51.0,46.0,0,0,1,1
673,2014,11,12,44.0,42.0,3,0,1,1
674,2014,11,12,50.0,48.5,6,1,1,1
675,2014,11,12,34.0,46.5,6,0,0,1
676,2014,11,12,75.0,47.5,6,0,1,1
677,2014,11,12,35.0,44.5,6,1,0,1
678,2014,11,12,26.0,49.5,6,1,0,1
679,2014,11,12,45.0,49.5,6,0,0,1
680,2014,11,12,43.0,47.5,6,0,0,1
681,2014,11,12,59.0,49.0,6,0,1,1
682,2014,11,12,67.0,49.0,6,0,1,1
683,2014,11,12,51.0,43.5,6,0,1,1
684,2014,11,12,30.0,44.0,6,0,0,1
685,2014,11,12,22.0,41.5,6,0,0,1
686,2014,11,12,41.0,42.5,0,1,0,1
687,2014,11,12,61.0,50.5,0,1,1,1
688,2014,11,13,43.0,57.0,3,1,0,1
689,2014,11,13,51.0,46.0,3,1,1,1
690,2014,11,13,22.0,40.5,3,0,0,1
691,2014,11,13,47.0,45.0,6,1,1,1
692,2014,11,13,67.0,46.0,6,0,1,1
693,2014,11,13,36.0,42.0,6,0,0,1
694,2014,11,13,47.0,58.0,6,0,0,1
695,2014,11,13,66.0,42.5,6,1,1,1
696,2014,11,13,76.0,49.0,6,1,1,1
697,2014,11,13,49.0,44.0,6,0,1,1
698,2014,11,13,45.0,49.5,6,0,0,1
699,2014,11,13,44.0,41.5,6,0,1,1
700,2014,11,13,67.0,54.5,6,0,1,1
701,2014,11,13,52.0,43.0,6,1,1,1
702,2014,11,13,27.0,43.5,6,0,0,1
703,2014,12,13,29.0,41.5,0,0,0,1
704,2014,12,14,69.0,50.0,3,0,1,1
705,2014,12,14,31.0,41.0,6,1,0,1
706,2014,12,14,63.0,47.5,6,0,1,1
707,2014,12,14,49.0,50.0,6,0,0,1
708,2014,12,14,41.0,47.0,6,0,0,1
709,2014,12,14,51.0,42.0,6,1,1,1
710,2014,12,14,40.0,42.0,6,0,0,1
711,2014,12,14,41.0,45.0,6,0,0,1
712,2014,12,14,54.0,40.0,6,0,1,1
713,2014,12,14,51.0,50.5,6,1,1,1
714,2014,12,14,37.0,40.5,6,0,0,1
715,2014,12,14,38.0,48.0,6,0,0,1
716,2014,12,14,37.0,54.0,6,0,0,1
717,2014,12,14,43.0,46.5,6,0,0,1
718,2014,12,14,24.0,44.5,6,0,0,1
719,2014,12,14,80.0,55.0,0,0,1,1
720,2014,12,15,18.0,40.5,3,1,0,1
721,2014,12,15,47.0,55.5,6,1,0,1
722,2014,12,15,32.0,44.5,6,0,0,1
723,2014,12,15,34.0,50.0,6,0,0,1
724,2014,12,15,36.0,41.5,6,0,0,1
725,2014,12,15,30.0,43.5,6,0,0,1
726,2014,12,15,30.0,42.0,6,1,0,1
727,2014,12,15,27.0,49.0,6,1,0,1
728,2014,12,15,44.0,41.5,6,0,1,1
729,2014,12,15,54.0,48.0,6,0,1,1
730,2014,12,15,37.0,46.5,6,0,0,1
731,2014,12,15,65.0,55.0,6,0,1,1
732,2014,12,15,32.0,49.5,6,0,0,1
733,2014,12,15,24.0,38.5,6,0,0,1
734,2014,12,15,27.0,41.5,6,0,0,1
735,2014,12,15,46.0,53.5,0,0,0,1
736,2014,12,16,34.0,39.0,3,0,0,1
737,2014,12,16,73.0,40.5,5,0,1,1
738,2014,12,16,51.0,51.0,5,0,0,1
739,2014,12,16,41.0,36.5,6,1,1,1
740,2014,12,16,30.0,40.0,6,0,0,1
741,2014,12,16,34.0,44.5,6,0,0,1
742,2014,12,16,49.0,53.5,6,1,0,1
743,2014,12,16,38.0,41.5,6,1,0,1
744,2014,12,16,72.0,42.5,6,0,1,1
745,2014,12,16,44.0,56.0,6,1,0,1
746,2014,12,16,33.0,47.0,6,0,0,1
747,2014,12,16,50.0,41.5,6,0,1,1
748,2014,12,16,32.0,49.5,6,0,0,1
749,2014,12,16,64.0,43.5,6,1,1,1
750,2014,12,16,23.0,49.0,6,0,0,1
751,2014,12,16,65.0,47.5,0,0,1,1
752,2014,12,17,37.0,48.0,6,1,0,1
753,2014,12,17,30.0,40.0,6,0,0,1
754,2014,12,17,61.0,48.5,6,0,1,1
755,2014,12,17,50.0,47.0,6,0,1,1
756,2014,12,17,40.0,38.5,6,1,1,1
757,2014,12,17,26.0,42.0,6,0,0,1
758,2014,12,17,61.0,41.0,6,0,1,1
759,2014,12,17,22.0,47.5,6,0,0,1
760,2014,12,17,26.0,43.5,6,0,0,1
761,2014,12,17,60.0,52.0,6,0,1,1
762,2014,12,17,44.0,48.5,6,0,0,1
763,2014,12,17,37.0,37.5,6,0,0,1
764,2014,12,17,26.0,41.5,6,0,0,1
765,2014,12,17,43.0,46.5,6,0,0,1
766,2014,12,17,37.0,46.5,6,0,0,1
767,2014,12,17,61.0,47.5,6,0,1,1
768,2015,9,1,49.0,51.0,3,0,0,1
769,2015,9,1,50.0,48.5,6,1,1,1
770,2015,9,1,41.0,44.5,6,0,0,1
771,2015,9,1,54.0,48.5,6,0,1,1
772,2015,9,1,53.0,52.5,6,1,1,1
773,2015,9,1,32.0,46.5,6,0,0,1
774,2015,9,1,47.0,40.5,6,1,1,1
775,2015,9,1,29.0,41.0,6,0,0,1
776,2015,9,1,41.0,38.5,6,0,1,1
777,2015,9,1,46.0,43.0,6,0,1,1
778,2015,9,1,61.0,45.5,6,0,1,1
779,2015,9,1,65.0,41.0,6,1,1,1
780,2015,9,1,56.0,40.5,6,0,1,1
781,2015,9,1,27.0,45.5,6,0,0,1
782,2015,9,1,50.0,56.0,0,1,0,1
783,2015,9,1,23.0,42.5,0,0,0,1
784,2015,9,2,55.0,42.0,3,0,1,1
785,2015,9,2,72.0,44.5,6,0,1,1
786,2015,9,2,41.0,41.0,6,0,0,1
787,2015,9,2,71.0,46.0,6,0,1,1
788,2015,9,2,43.0,48.0,6,0,0,1
789,2015,9,2,42.0,41.0,6,0,1,1
790,2015,9,2,44.0,49.5,6,0,0,1
791,2015,9,2,43.0,42.0,6,0,1,1
792,2015,9,2,42.0,44.0,6,0,0,1
793,2015,9,2,45.0,47.0,6,1,0,1
794,2015,9,2,44.0,50.0,6,0,0,1
795,2015,9,2,70.0,42.0,6,0,1,1
796,2015,9,2,30.0,54.0,6,0,0,1
797,2015,9,2,61.0,46.0,6,0,1,1
798,2015,9,2,34.0,41.0,6,0,0,1
799,2015,9,2,27.0,46.0,0,1,0,1
800,2015,9,3,53.0,45.0,3,0,1,1
801,2015,9,3,54.0,45.0,6,1,1,1
802,2015,9,3,52.0,45.5,6,0,1,1
803,2015,9,3,49.0,43.0,6,0,1,1
804,2015,9,3,47.0,44.0,6,0,1,1
805,2015,9,3,67.0,43.5,6,1,1,1
806,2015,9,3,36.0,45.0,6,1,0,1
807,2015,9,3,28.0,41.0,6,1,0,1
808,2015,9,3,55.0,43.5,6,0,1,1
809,2015,9,3,45.0,45.5,6,0,0,1
810,2015,9,3,68.0,49.0,6,0,1,1
811,2015,9,3,41.0,47.0,6,0,0,1
812,2015,9,3,26.0,43.5,6,0,0,1
813,2015,9,3,18.0,48.5,6,1,0,1
814,2015,9,3,68.0,46.5,6,0,1,1
815,2015,9,3,66.0,47.5,0,0,1,1
816,2015,10,4,43.0,44.0,3,0,0,1
817,2015,10,4,46.0,43.5,6,1,1,1
818,2015,10,4,69.0,47.5,6,1,1,1
819,2015,10,4,34.0,46.5,6,0,0,1
820,2015,10,4,42.0,44.5,6,0,0,1
821,2015,10,4,57.0,45.0,6,0,1,1
822,2015,10,4,43.0,43.5,6,0,0,1
823,2015,10,4,29.0,43.5,6,1,0,1
824,2015,10,4,41.0,42.5,6,0,0,1
825,2015,10,4,46.0,48.5,6,1,0,1
826,2015,10,4,57.0,44.5,6,0,1,1
827,2015,10,4,20.0,48.0,6,0,0,1
828,2015,10,4,60.0,40.5,6,0,1,1
829,2015,10,4,43.0,45.5,6,0,0,1
830,2015,10,4,23.0,43.0,0,0,0,1
831,2015,10,5,47.0,41.0,3,1,1,1
832,2015,10,5,44.0,48.5,6,1,0,1
833,2015,10,5,63.0,43.0,6,0,1,1
834,2015,10,5,51.0,44.5,6,0,1,1
835,2015,10,5,36.0,50.5,6,1,0,1
836,2015,10,5,59.0,46.0,6,1,1,1
837,2015,10,5,34.0,46.0,6,0,0,1
838,2015,10,5,35.0,44.5,6,0,0,1
839,2015,10,5,57.0,44.0,6,0,1,1
840,2015,10,5,26.0,45.0,6,0,0,1
841,2015,10,5,56.0,49.5,6,0,1,1
842,2015,10,5,69.0,41.5,6,0,1,1
843,2015,10,5,27.0,43.0,6,0,0,1
844,2015,10,5,44.0,45.5,0,0,0,1
845,2015,10,6,52.0,52.5,3,1,0,1
846,2015,10,6,55.0,42.0,6,0,1,1
847,2015,10,6,49.0,42.0,6,0,1,1
848,2015,10,6,71.0,45.5,6,1,1,1
849,2015,10,6,47.0,50.5,6,0,0,1
850,2015,10,6,61.0,54.0,6,1,1,1
851,2015,10,6,51.0,43.0,6,0,1,1
852,2015,10,6,26.0,43.0,6,0,0,1
853,2015,10,6,54.0,40.0,6,0,1,1
854,2015,10,6,38.0,45.0,6,0,0,1
855,2015,10,6,45.0,43.5,6,0,1,1
856,2015,10,6,50.0,41.0,6,0,1,1
857,2015,10,6,48.0,43.5,6,0,1,1
858,2015,10,6,34.0,50.5,0,0,0,1
859,2015,10,7,23.0,42.0,3,0,0,1
860,2015,10,7,43.0,46.0,6,0,0,1
861,2015,10,7,47.0,45.0,6,1,1,1
862,2015,10,7,48.0,53.0,6,1,0,1
863,2015,10,7,65.0,41.5,6,0,1,1
864,2015,10,7,36.0,41.5,6,0,0,1
865,2015,10,7,70.0,45.5,6,0,1,1
866,2015,10,7,53.0,47.5,6,0,1,1
867,2015,10,7,47.0,44.5,6,0,1,1
868,2015,10,7,66.0,48.5,6,0,1,1
869,2015,10,7,30.0,44.0,6,1,0,1
870,2015,10,7,17.0,45.5,6,0,0,1
871,2015,10,7,61.0,41.5,6,0,1,1
872,2015,10,7,44.0,49.5,0,1,0,1
873,2015,10,8,43.0,51.5,3,0,0,1
874,2015,11,8,43.0,47.5,6,1,0,1
875,2015,11,8,55.0,50.5,6,0,1,1
876,2015,11,8,43.0,44.0,6,0,0,1
877,2015,11,8,54.0,46.0,6,0,1,1
878,2015,11,8,25.0,41.5,6,1,0,1
879,2015,11,8,39.0,45.5,6,0,0,1
880,2015,11,8,26.0,43.0,6,1,0,1
881,2015,11,8,55.0,45.0,6,0,1,1
882,2015,11,8,101.0,52.0,6,1,1,1
883,2015,11,8,54.0,44.0,6,0,1,1
884,2015,11,8,26.0,49.5,6,0,0,1
885,2015,11,8,33.0,41.0,6,1,0,1
886,2015,11,8,55.0,45.5,0,0,1,1
887,2015,11,9,41.0,46.0,3,0,0,1
888,2015,11,9,50.0,44.0,6,0,1,1
889,2015,11,9,66.0,46.0,6,0,1,1
890,2015,11,9,60.0,44.0,6,1,1,1
891,2015,11,9,51.0,45.5,6,1,1,1
892,2015,11,9,39.0,40.0,6,0,0,1
893,2015,11,9,37.0,51.5,6,0,0,1
894,2015,11,9,62.0,50.0,6,1,1,1
895,2015,11,9,51.0,42.5,6,0,1,1
896,2015,11,9,73.0,48.0,6,0,1,1
897,2015,11,9,33.0,43.5,6,0,0,1
898,2015,11,9,50.0,49.0,6,0,1,1
899,2015,11,9,41.0,49.5,0,0,0,1
900,2015,11,10,39.0,42.0,3,0,0,1
901,2015,11,10,42.0,47.0,6,0,0,1
902,2015,11,10,42.0,42.0,6,0,0,1
903,2015,11,10,34.0,50.0,6,0,0,1
904,2015,11,10,53.0,52.5,6,0,1,1
905,2015,11,10,44.0,44.0,6,0,0,1
906,2015,11,10,39.0,49.5,6,0,0,1
907,2015,11,10,39.0,43.0,6,0,0,1
908,2015,11,10,71.0,43.5,6,0,1,1
909,2015,11,10,50.0,42.5,6,1,1,1
910,2015,11,10,16.0,43.5,6,0,0,1
911,2015,11,10,37.0,43.0,6,0,0,1
912,2015,11,10,61.0,52.0,6,0,1,1
913,2015,11,10,16.0,46.5,0,0,0,1
914,2015,11,11,32.0,41.5,3,0,0,1
915,2015,11,11,65.0,48.0,6,1,1,1
916,2015,11,11,45.0,47.5,6,1,0,1
917,2015,11,11,29.0,41.5,6,0,0,1
918,2015,11,11,60.0,44.5,6,0,1,1
919,2015,11,11,32.0,41.5,6,0,0,1
920,2015,11,11,31.0,50.0,6,1,0,1
921,2015,11,11,41.0,40.0,6,1,1,1
922,2015,11,11,38.0,45.0,6,0,0,1
923,2015,11,11,43.0,45.0,6,0,0,1
924,2015,11,11,62.0,45.5,6,0,1,1
925,2015,11,11,36.0,45.5,6,0,0,1
926,2015,11,11,42.0,40.0,6,0,1,1
927,2015,11,11,33.0,47.5,0,0,0,1
928,2015,11,12,47.0,44.5,3,1,1,1
929,2015,11,12,59.0,47.0,3,1,1,1
930,2015,11,12,30.0,45.0,3,0,0,1
931,2015,11,12,30.0,45.0,6,1,0,1
932,2015,11,12,38.0,42.0,6,0,0,1
933,2015,11,12,54.0,43.0,6,0,1,1
934,2015,11,12,30.0,51.0,6,1,0,1
935,2015,11,12,37.0,46.5,6,1,0,1
936,2015,11,12,56.0,47.0,6,0,1,1
937,2015,11,12,52.0,41.0,6,0,1,1
938,2015,11,12,58.0,43.5,6,0,1,1
939,2015,11,12,32.0,45.0,6,0,0,1
940,2015,11,12,69.0,46.5,6,0,1,1
941,2015,11,12,45.0,45.0,6,0,0,1
942,2015,11,12,34.0,48.0,6,0,0,1
943,2015,11,12,60.0,41.0,0,0,1,1
944,2015,12,13,50.0,46.5,3,1,1,1
945,2015,12,13,51.0,42.0,6,0,1,1
946,2015,12,13,46.0,43.0,6,0,1,1
947,2015,12,13,40.0,44.0,6,0,0,1
948,2015,12,13,28.0,43.0,6,0,0,1
949,2015,12,13,45.0,43.0,6,0,1,1
950,2015,12,13,63.0,49.0,6,0,1,1
951,2015,12,13,79.0,50.5,6,1,1,1
952,2015,12,13,43.0,46.0,6,0,0,1
953,2015,12,13,54.0,45.5,6,0,1,1
954,2015,12,13,55.0,50.5,6,0,1,1
955,2015,12,13,20.0,45.0,6,0,0,1
956,2015,12,13,30.0,43.0,6,1,0,1
957,2015,12,13,42.0,46.5,6,0,0,1
958,2015,12,13,81.0,43.5,6,0,1,1
959,2015,12,13,35.0,43.5,0,0,0,1
960,2015,12,14,43.0,46.5,3,1,0,1
961,2015,12,14,41.0,42.0,6,0,0,1
962,2015,12,14,38.0,45.5,6,0,0,1
963,2015,12,14,45.0,43.5,6,0,1,1
964,2015,12,14,53.0,48.5,6,0,1,1
965,2015,12,14,34.0,43.0,6,0,0,1
966,2015,12,14,27.0,43.0,6,0,0,1
967,2015,12,14,35.0,42.5,6,0,0,1
968,2015,12,14,33.0,46.5,6,1,0,1
969,2015,12,14,67.0,46.0,6,0,1,1
970,2015,12,14,13.0,41.5,6,0,0,1
971,2015,12,14,38.0,43.0,6,0,0,1
972,2015,12,14,43.0,48.5,6,0,0,1
973,2015,12,14,35.0,41.5,6,1,0,1
974,2015,12,14,41.0,51.5,6,0,0,1
975,2015,12,14,55.0,48.0,0,0,1,1
976,2015,12,15,54.0,41.0,3,1,1,1
977,2015,12,15,35.0,41.0,5,1,0,1
978,2015,12,15,48.0,41.0,6,0,1,1
979,2015,12,15,26.0,41.5,6,1,0,1
980,2015,12,15,40.0,48.0,6,0,0,1
981,2015,12,15,55.0,44.0,6,0,1,1
982,2015,12,15,49.0,48.0,6,0,1,1
983,2015,12,15,73.0,46.5,6,0,1,1
984,2015,12,15,50.0,47.0,6,0,1,1
985,2015,12,15,57.0,51.5,6,0,1,1
986,2015,12,15,61.0,45.5,6,0,1,1
987,2015,12,15,44.0,47.0,6,0,0,1
988,2015,12,15,38.0,41.0,6,0,0,1
989,2015,12,15,43.0,45.5,6,0,0,1
990,2015,12,15,60.0,46.0,6,0,1,1
991,2015,12,15,62.0,52.0,0,1,1,1
992,2015,12,16,43.0,45.5,3,0,0,1
993,2015,12,16,62.0,48.5,5,0,1,1
994,2015,12,16,46.0,50.5,6,1,0,1
995,2015,12,16,33.0,46.0,6,1,0,1
996,2015,12,16,37.0,47.5,6,0,0,1
997,2015,12,16,22.0,42.0,6,0,0,1
998,2015,12,16,49.0,42.5,6,1,1,1
999,2015,12,16,30.0,42.5,6,0,0,1
1000,2015,12,16,30.0,44.0,6,0,0,1
1001,2015,12,16,66.0,44.5,6,0,1,1
1002,2015,12,16,65.0,53.5,6,1,1,1
1003,2015,12,16,46.0,45.5,6,0,1,1
1004,2015,12,16,40.0,42.0,6,0,0,1
1005,2015,12,16,47.0,44.0,6,0,1,1
1006,2015,12,16,40.0,39.0,6,0,1,1
1007,2015,12,16,37.0,39.0,0,0,0,1
1008,2015,1,17,42.0,47.0,6,1,0,1
1009,2015,1,17,37.0,53.5,6,1,0,1
1010,2015,1,17,39.0,41.0,6,0,0,1
1011,2015,1,17,48.0,45.0,6,0,1,1
1012,2015,1,17,44.0,45.0,6,0,0,1
1013,2015,1,17,40.0,41.0,6,0,0,1
1014,2015,1,17,40.0,47.0,6,0,0,1
1015,2015,1,17,57.0,41.0,6,1,1,1
1016,2015,1,17,47.0,42.0,6,0,1,1
1017,2015,1,17,33.0,44.0,6,0,0,1
1018,2015,1,17,36.0,45.0,6,1,0,1
1019,2015,1,17,54.0,39.0,6,1,1,1
1020,2015,1,17,40.0,43.5,6,0,0,1
1021,2015,1,17,30.0,46.5,6,0,0,1
1022,2015,1,17,65.0,51.0,6,0,1,1
1023,2015,1,17,35.0,38.5,6,0,0,1
1024,2016,9,1,41.0,40.5,3,0,1,1
1025,2016,9,1,44.0,44.0,6,1,0,1
1026,2016,9,1,55.0,47.0,6,1,1,1
1027,2016,9,1,20.0,44.5,6,0,0,1
1028,2016,9,1,39.0,47.5,6,1,0,1
1029,2016,9,1,37.0,42.5,6,1,0,1
1030,2016,9,1,74.0,51.5,6,1,1,1
1031,2016,9,1,50.0,47.5,6,0,1,1
1032,2016,9,1,60.0,46.0,6,0,1,1
1033,2016,9,1,69.0,50.5,6,1,1,1
1034,2016,9,1,45.0,42.0,6,0,1,1
1035,2016,9,1,39.0,41.0,6,0,0,1
1036,2016,9,1,22.0,44.0,6,0,0,1
1037,2016,9,1,41.0,40.0,6,0,1,1
1038,2016,9,1,28.0,43.5,0,0,0,1
1039,2016,9,1,54.0,49.0,0,0,1,1
1040,2016,9,2,68.0,40.5,3,0,1,1
1041,2016,9,2,47.0,49.5,6,1,0,1
1042,2016,9,2,73.0,44.0,6,0,1,1
1043,2016,9,2,45.0,42.0,6,0,1,1
1044,2016,9,2,54.0,47.0,6,0,1,1
1045,2016,9,2,31.0,48.0,6,1,0,1
1046,2016,9,2,31.0,42.0,6,1,0,1
1047,2016,9,2,12.0,38.0,6,0,0,1
1048,2016,9,2,31.0,43.0,6,1,0,1
1049,2016,9,2,55.0,42.0,6,0,1,1
1050,2016,9,2,29.0,54.5,6,0,0,1
1051,2016,9,2,63.0,48.0,6,0,1,1
1052,2016,9,2,40.0,48.0,6,0,0,1
1053,2016,9,2,52.0,47.5,6,0,1,1
1054,2016,9,2,50.0,47.0,6,0,1,1
1055,2016,9,2,43.0,43.0,0,0,0,1
1056,2016,9,3,27.0,38.5,3,0,0,1
1057,2016,9,3,51.0,48.0,6,0,1,1
1058,2016,9,3,32.0,42.5,6,0,0,1
1059,2016,9,3,46.0,41.5,6,0,1,1
1060,2016,9,3,48.0,45.0,6,1,1,1
1061,2016,9,3,61.0,47.5,6,0,1,1
1062,2016,9,3,48.0,51.5,6,1,0,1
1063,2016,9,3,36.0,45.0,6,0,0,1
1064,2016,9,3,27.0,44.5,6,0,0,1
1065,2016,9,3,54.0,42.5,6,0,1,1
1066,2016,9,3,56.0,47.0,6,0,1,1
1067,2016,9,3,37.0,46.5,6,0,0,1
1068,2016,9,3,55.0,41.5,6,0,1,1
1069,2016,9,3,69.0,40.5,6,0,1,1
1070,2016,9,3,27.0,47.0,6,0,0,1
1071,2016,9,3,77.0,54.5,0,1,1,1
1072,2016,9,4,29.0,46.5,3,0,0,1
1073,2016,10,4,30.0,43.5,6,1,0,1
1074,2016,10,4,81.0,48.5,6,1,1,1
1075,2016,10,4,55.0,45.0,6,0,1,1
1076,2016,10,4,31.0,48.0,6,0,0,1
1077,2016,10,4,47.0,40.0,6,1,1,1
1078,2016,10,4,57.0,48.5,6,0,1,1
1079,2016,10,4,16.0,41.0,6,0,0,1
1080,2016,10,4,44.0,40.0,6,0,1,1
1081,2016,10,4,57.0,48.5,6,0,1,1
1082,2016,10,4,69.0,54.0,6,0,1,1
1083,2016,10,4,41.0,44.0,6,0,0,1
1084,2016,10,4,34.0,42.5,6,0,0,1
1085,2016,10,4,51.0,47.5,6,0,1,1
1086,2016,10,4,34.0,42.5,0,1,0,1
1087,2016,10,5,54.0,42.5,3,0,1,1
1088,2016,10,5,26.0,44.5,6,0,0,1
1089,2016,10,5,46.0,47.5,6,0,0,1
1090,2016,10,5,42.0,46.0,6,1,0,1
1091,2016,10,5,39.0,44.5,6,0,0,1
1092,2016,10,5,47.0,46.0,6,1,1,1
1093,2016,10,5,39.0,49.0,6,0,0,1
1094,2016,10,5,52.0,47.5,6,1,1,1
1095,2016,10,5,49.0,41.5,6,0,1,1
1096,2016,10,5,47.0,44.5,6,0,1,1
1097,2016,10,5,44.0,39.0,6,1,1,1
1098,2016,10,5,65.0,50.5,6,0,1,1
1099,2016,10,5,44.0,50.0,6,0,0,1
1100,2016,10,5,31.0,46.5,0,0,0,1
1101,2016,10,6,34.0,44.0,3,0,0,1
1102,2016,10,6,61.0,44.0,6,0,1,1
1103,2016,10,6,33.0,46.0,6,0,0,1
1104,2016,10,6,59.0,44.0,6,1,1,1
1105,2016,10,6,46.0,47.0,6,0,0,1
1106,2016,10,6,49.0,47.5,6,1,1,1
1107,2016,10,6,45.0,49.5,6,0,0,1
1108,2016,10,6,52.0,48.0,6,0,1,1
1109,2016,10,6,79.0,53.5,6,1,1,1
1110,2016,10,6,50.0,42.5,6,0,1,1
1111,2016,10,6,36.0,46.5,6,0,0,1
1112,2016,10,6,50.0,45.5,6,0,1,1
1113,2016,10,6,54.0,44.5,6,0,1,1
1114,2016,10,6,47.0,45.0,6,0,1,1
1115,2016,10,6,31.0,45.5,0,1,0,1
1116,2016,10,7,36.0,46.5,3,0,0,1
1117,2016,10,7,12.0,43.0,6,1,0,1
1118,2016,10,7,63.0,52.5,6,1,1,1
1119,2016,10,7,48.0,46.5,6,0,1,1
1120,2016,10,7,37.0,50.0,6,1,0,1
1121,2016,10,7,49.0,47.5,6,0,1,1
1122,2016,10,7,48.0,51.5,6,0,0,1
1123,2016,10,7,27.0,44.5,6,0,0,1
1124,2016,10,7,53.0,46.0,6,0,1,1
1125,2016,10,7,40.0,40.0,6,0,0,1
1126,2016,10,7,31.0,39.0,6,0,0,1
1127,2016,10,7,43.0,49.0,6,0,0,1
1128,2016,10,7,51.0,45.0,6,0,1,1
1129,2016,10,7,60.0,48.0,6,0,1,1
1130,2016,10,7,36.0,40.0,0,0,0,1
1131,2016,10,8,58.0,43.5,3,0,1,1
1132,2016,10,8,65.0,51.0,6,1,1,1
1133,2016,10,8,66.0,48.0,6,0,1,1
1134,2016,10,8,50.0,45.5,6,0,1,1
1135,2016,10,8,54.0,49.0,6,0,1,1
1136,2016,10,8,59.0,45.5,6,0,1,1
1137,2016,10,8,52.0,44.0,6,1,1,1
1138,2016,10,8,46.0,43.0,6,0,1,1
1139,2016,10,8,33.0,46.5,6,1,0,1
1140,2016,10,8,44.0,50.5,6,1,0,1
1141,2016,10,8,45.0,50.0,6,1,0,1
1142,2016,10,8,54.0,48.0,6,0,1,1
1143,2016,10,8,30.0,39.5,0,0,0,1
1144,2016,11,9,71.0,49.0,3,0,1,1
1145,2016,11,9,35.0,46.0,6,0,0,1
1146,2016,11,9,45.0,49.0,6,0,0,1
1147,2016,11,9,57.0,52.0,6,0,1,1
1148,2016,11,9,33.0,42.5,6,0,0,1
1149,2016,11,9,23.0,44.5,6,0,0,1
1150,2016,11,9,50.0,45.0,6,0,1,1
1151,2016,11,9,38.0,42.5,6,1,0,1
1152,2016,11,9,51.0,42.5,6,0,1,1
1153,2016,11,9,50.0,44.5,6,0,1,1
1154,2016,11,9,78.0,47.5,6,0,1,1
1155,2016,11,9,64.0,53.0,6,0,1,1
1156,2016,11,9,56.0,43.5,0,0,1,1
1157,2016,11,10,35.0,44.0,3,0,0,1
1158,2016,11,10,43.0,47.0,6,1,0,1
1159,2016,11,10,37.0,44.0,6,0,0,1
1160,2016,11,10,45.0,42.0,6,0,1,1
1161,2016,11,10,55.0,49.5,6,0,1,1
1162,2016,11,10,48.0,50.0,6,1,0,1
1163,2016,11,10,15.0,38.5,6,0,0,1
1164,2016,11,10,39.0,49.0,6,0,0,1
1165,2016,11,10,65.0,51.0,6,0,1,1
1166,2016,11,10,55.0,49.0,6,0,1,1
1167,2016,11,10,46.0,45.0,6,0,1,1
1168,2016,11,10,72.0,49.0,6,0,1,1
1169,2016,11,10,46.0,41.5,6,0,1,1
1170,2016,11,10,41.0,49.5,0,0,0,1
1171,2016,11,11,43.0,53.5,3,0,0,1
1172,2016,11,11,28.0,48.0,6,0,0,1
1173,2016,11,11,33.0,45.5,6,0,0,1
1174,2016,11,11,44.0,44.5,6,1,0,1
1175,2016,11,11,45.0,47.0,6,1,0,1
1176,2016,11,11,41.0,54.0,6,1,0,1
1177,2016,11,11,36.0,45.0,6,0,0,1
1178,2016,11,11,24.0,38.5,6,0,0,1
1179,2016,11,11,54.0,40.0,6,1,1,1
1180,2016,11,11,38.0,41.5,6,0,0,1
1181,2016,11,11,47.0,51.5,6,0,0,1
1182,2016,11,11,41.0,43.0,6,0,0,1
1183,2016,11,11,66.0,48.5,6,0,1,1
1184,2016,11,11,47.0,46.0,0,0,1,1
1185,2016,11,12,57.0,53.5,3,1,1,1
1186,2016,11,12,29.0,42.0,3,1,0,1
1187,2016,11,12,35.0,49.5,3,1,0,1
1188,2016,11,12,57.0,49.0,6,1,1,1
1189,2016,11,12,33.0,42.0,6,0,0,1
1190,2016,11,12,49.0,44.0,6,0,1,1
1191,2016,11,12,48.0,42.0,6,0,1,1
1192,2016,11,12,40.0,46.5,6,0,0,1
1193,2016,11,12,57.0,40.0,6,0,1,1
1194,2016,11,12,34.0,46.0,6,1,0,1
1195,2016,11,12,55.0,45.0,6,0,1,1
1196,2016,11,12,70.0,45.0,6,1,1,1
1197,2016,11,12,39.0,48.5,6,0,0,1
1198,2016,11,12,67.0,48.5,6,0,1,1
1199,2016,11,12,19.0,46.0,6,0,0,1
1200,2016,11,12,40.0,47.5,0,0,0,1
1201,2016,12,13,32.0,43.5,3,1,0,1
1202,2016,12,13,54.0,48.5,6,1,1,1
1203,2016,12,13,57.0,50.0,6,1,1,1
1204,2016,12,13,44.0,41.5,6,0,1,1
1205,2016,12,13,32.0,44.0,6,0,0,1
1206,2016,12,13,46.0,42.0,6,0,1,1
1207,2016,12,13,34.0,44.5,6,0,0,1
1208,2016,12,13,30.0,38.5,6,0,0,1
1209,2016,12,13,36.0,45.0,6,0,0,1
1210,2016,12,13,41.0,53.5,6,1,0,1
1211,2016,12,13,62.0,48.5,6,0,1,1
1212,2016,12,13,38.0,49.5,6,0,0,1
1213,2016,12,13,49.0,49.0,6,0,0,1
1214,2016,12,13,47.0,44.0,6,0,1,1
1215,2016,12,13,51.0,48.5,0,0,1,1
1216,2016,12,14,34.0,46.0,3,0,0,1
1217,2016,12,14,47.0,45.5,6,0,1,1
1218,2016,12,14,44.0,48.5,6,0,0,1
1219,2016,12,14,33.0,41.5,6,0,0,1
1220,2016,12,14,37.0,42.0,6,1,0,1
1221,2016,12,14,48.0,47.0,6,0,1,1
1222,2016,12,14,39.0,47.5,6,1,0,1
1223,2016,12,14,41.0,38.0,6,0,1,1
1224,2016,12,14,56.0,44.0,6,0,1,1
1225,2016,12,14,49.0,44.0,6,0,1,1
1226,2016,12,14,17.0,47.0,6,0,0,1
1227,2016,12,14,49.0,48.5,6,0,1,1
1228,2016,12,14,40.0,43.0,6,0,0,1
1229,2016,12,14,27.0,52.0,6,0,0,1
1230,2016,12,14,23.0,44.0,6,0,0,1
1231,2016,12,14,53.0,45.0,0,0,1,1
1232,2016,12,15,27.0,39.5,3,0,0,1
1233,2016,12,15,47.0,40.0,5,0,1,1
1234,2016,12,15,89.0,48.5,6,1,1,1
1235,2016,12,15,54.0,51.5,6,1,1,1
1236,2016,12,15,53.0,41.0,6,0,1,1
1237,2016,12,15,46.0,43.0,6,0,1,1
1238,2016,12,15,57.0,40.0,6,0,1,1
1239,2016,12,15,44.0,45.5,6,0,0,1
1240,2016,12,15,46.0,47.5,6,1,0,1
1241,2016,12,15,19.0,43.0,6,0,0,1
1242,2016,12,15,41.0,39.5,6,1,1,1
1243,2016,12,15,36.0,43.0,6,0,0,1
1244,2016,12,15,40.0,44.5,6,1,0,1
1245,2016,12,15,23.0,42.5,6,0,0,1
1246,2016,12,15,35.0,49.5,6,0,0,1
1247,2016,12,15,41.0,50.5,0,0,0,1
1248,2016,12,16,43.0,42.5,3,0,1,1
1249,2016,12,16,65.0,44.5,5,0,1,1
1250,2016,12,16,49.0,49.0,5,0,0,1
1251,2016,12,16,62.0,49.0,5,0,1,1
1252,2016,12,16,37.0,45.0,5,0,0,1
1253,2016,12,16,63.0,44.5,5,0,1,1
1254,2016,12,16,22.0,41.5,5,1,0,1
1255,2016,12,16,55.0,44.0,5,0,1,1
1256,2016,12,16,43.0,39.5,5,0,1,1
1257,2016,12,16,44.0,45.0,5,0,0,1
1258,2016,12,16,55.0,53.0,5,1,1,1
1259,2016,12,16,58.0,52.0,5,0,1,1
1260,2016,12,16,65.0,43.5,5,0,1,1
1261,2016,12,16,43.0,38.0,6,0,1,1
1262,2016,12,16,58.0,46.5,6,0,1,1
1263,2016,12,16,63.0,46.5,0,1,1,1
1264,2016,1,17,70.0,58.5,6,1,1,1
1265,2016,1,17,37.0,40.5,6,0,0,1
1266,2016,1,17,30.0,40.0,6,0,0,1
1267,2016,1,17,55.0,50.0,6,1,1,1
1268,2016,1,17,44.0,48.5,6,1,0,1
1269,2016,1,17,50.0,39.0,6,0,1,1
1270,2016,1,17,49.0,47.0,6,0,1,1
1271,2016,1,17,48.0,44.0,6,1,1,1
1272,2016,1,17,40.0,43.0,6,0,0,1
1273,2016,1,17,40.0,44.0,6,0,0,1
1274,2016,1,17,51.0,41.5,6,0,1,1
1275,2016,1,17,64.0,45.0,6,0,1,1
1276,2016,1,17,48.0,45.0,6,0,1,1
1277,2016,1,17,33.0,44.5,6,0,0,1
1278,2016,1,17,41.0,41.5,6,0,0,1
1279,2016,1,17,29.0,47.5,6,0,0,1
1280,2017,9,1,69.0,48.5,3,0,1,1
1281,2017,9,1,33.0,40.0,6,0,0,1
1282,2017,9,1,40.0,49.5,6,0,0,1
1283,2017,9,1,20.0,42.5,6,0,0,1
1284,2017,9,1,39.0,47.0,6,0,0,1
1285,2017,9,1,22.0,47.5,6,1,0,1
1286,2017,9,1,58.0,48.0,6,1,1,1
1287,2017,9,1,26.0,50.5,6,0,0,1
1288,2017,9,1,36.0,39.5,6,1,0,1
1289,2017,9,1,55.0,41.5,6,0,1,1
1290,2017,9,1,26.0,48.0,6,0,0,1
1291,2017,9,1,42.0,50.5,6,0,0,1
1292,2017,9,1,47.0,47.5,6,0,0,1
1293,2017,9,1,45.0,43.5,0,0,1,1
1294,2017,9,1,48.0,48.0,0,1,0,1
1295,2017,9,2,22.0,38.0,3,0,0,1
1296,2017,9,2,57.0,41.0,6,1,1,1
1297,2017,9,2,34.0,40.0,6,0,0,1
1298,2017,9,2,12.0,42.5,6,0,0,1
1299,2017,9,2,59.0,42.0,6,0,1,1
1300,2017,9,2,29.0,44.5,6,1,0,1
1301,2017,9,2,53.0,43.5,6,0,1,1
1302,2017,9,2,47.0,47.5,6,0,0,1
1303,2017,9,2,36.0,45.0,6,0,0,1
1304,2017,9,2,47.0,46.0,6,0,1,1
1305,2017,9,2,56.0,55.0,6,1,1,1
1306,2017,9,2,65.0,43.5,6,0,1,1
1307,2017,9,2,35.0,45.5,6,0,0,1
1308,2017,9,2,21.0,42.5,6,0,0,1
1309,2017,9,2,36.0,43.0,6,0,0,1
1310,2017,9,2,34.0,43.5,0,0,0,1
1311,2017,9,3,80.0,40.5,3,0,1,1
1312,2017,9,3,42.0,40.0,6,0,1,1
1313,2017,9,3,47.0,46.5,6,0,1,1
1314,2017,9,3,40.0,43.5,6,0,0,1
1315,2017,9,3,56.0,51.0,6,1,1,1
1316,2017,9,3,51.0,47.5,6,0,1,1
1317,2017,9,3,59.0,42.0,6,1,1,1
1318,2017,9,3,51.0,38.0,6,0,1,1
1319,2017,9,3,34.0,47.5,6,0,0,1
1320,2017,9,3,51.0,41.0,6,1,1,1
1321,2017,9,3,69.0,44.5,6,0,1,1
1322,2017,9,3,26.0,43.0,6,0,0,1
1323,2017,9,3,51.0,43.0,6,0,1,1
1324,2017,9,3,60.0,42.0,6,0,1,1
1325,2017,9,3,37.0,53.5,6,0,0,1
1326,2017,9,3,45.0,46.5,0,1,0,1
1327,2017,9,4,49.0,44.5,3,0,1,1
1328,2017,10,4,33.0,44.5,6,1,0,1
1329,2017,10,4,40.0,48.5,6,1,0,1
1330,2017,10,4,35.0,42.0,6,0,0,1
1331,2017,10,4,38.0,41.5,6,0,0,1
1332,2017,10,4,65.0,48.5,6,1,1,1
1333,2017,10,4,26.0,46.0,6,0,0,1
1334,2017,10,4,71.0,43.5,6,1,1,1
1335,2017,10,4,50.0,47.5,6,0,1,1
1336,2017,10,4,20.0,50.5,6,0,0,1
1337,2017,10,4,21.0,42.5,6,1,0,1
1338,2017,10,4,63.0,49.0,6,0,1,1
1339,2017,10,4,43.0,38.0,6,0,1,1
1340,2017,10,4,63.0,41.5,6,0,1,1
1341,2017,10,4,48.0,44.5,6,0,1,1
1342,2017,10,4,49.0,49.5,0,0,0,1
1343,2017,10,5,33.0,55.5,3,0,0,1
1344,2017,10,5,36.0,39.0,6,0,0,1
1345,2017,10,5,31.0,41.5,6,0,0,1
1346,2017,10,5,66.0,52.5,6,1,1,1
1347,2017,10,5,51.0,43.5,6,1,1,1
1348,2017,10,5,76.0,46.5,6,1,1,1
1349,2017,10,5,49.0,44.0,6,1,1,1
1350,2017,10,5,26.0,47.5,6,0,0,1
1351,2017,10,5,26.0,43.5,6,0,0,1
1352,2017,10,5,49.0,44.5,6,0,1,1
1353,2017,10,5,47.0,39.0,6,0,1,1
1354,2017,10,5,41.0,45.0,6,0,0,1
1355,2017,10,5,39.0,43.5,6,0,0,1
1356,2017,10,5,37.0,40.0,0,0,0,1
1357,2017,10,6,51.0,45.5,3,0,1,1
1358,2017,10,6,71.0,46.0,6,1,1,1
1359,2017,10,6,37.0,45.5,6,1,0,1
1360,2017,10,6,51.0,38.5,6,0,1,1
1361,2017,10,6,33.0,39.0,6,0,0,1
1362,2017,10,6,50.0,47.0,6,1,1,1
1363,2017,10,6,44.0,42.5,6,0,1,1
1364,2017,10,6,32.0,47.0,6,0,0,1
1365,2017,10,6,33.0,44.5,6,1,0,1
1366,2017,10,6,90.0,49.5,6,1,1,1
1367,2017,10,6,41.0,48.5,6,0,0,1
1368,2017,10,6,33.0,48.5,6,0,0,1
1369,2017,10,6,50.0,46.0,6,0,1,1
1370,2017,10,6,58.0,46.0,0,0,1,1
1371,2017,10,7,61.0,46.5,3,0,1,1
1372,2017,10,7,57.0,45.5,6,0,1,1
1373,2017,10,7,20.0,40.0,6,0,0,1
1374,2017,10,7,21.0,42.5,6,0,0,1
1375,2017,10,7,43.0,46.0,6,0,0,1
1376,2017,10,7,27.0,41.5,6,1,0,1
1377,2017,10,7,21.0,41.0,6,0,0,1
1378,2017,10,7,33.0,46.0,6,0,0,1
1379,2017,10,7,59.0,39.5,6,0,1,1
1380,2017,10,7,40.0,38.0,6,1,1,1
1381,2017,10,7,30.0,56.5,6,0,0,1
1382,2017,10,7,31.0,39.0,6,0,0,1
1383,2017,10,7,43.0,40.0,6,0,1,1
1384,2017,10,7,50.0,48.5,6,0,1,1
1385,2017,10,7,58.0,49.0,0,0,1,1
1386,2017,10,8,40.0,37.5,3,0,1,1
1387,2017,10,8,48.0,45.5,6,0,1,1
1388,2017,10,8,47.0,41.5,6,0,1,1
1389,2017,10,8,49.0,38.0,6,0,1,1
1390,2017,10,8,35.0,45.5,6,1,0,1
1391,2017,10,8,34.0,48.5,6,0,0,1
1392,2017,10,8,32.0,47.5,6,1,0,1
1393,2017,10,8,45.0,46.0,6,0,0,1
1394,2017,10,8,43.0,46.0,6,0,0,1
1395,2017,10,8,79.0,46.0,6,0,1,1
1396,2017,10,8,20.0,46.0,6,0,0,1
1397,2017,10,8,52.0,50.0,6,0,1,1
1398,2017,10,8,48.0,43.0,0,0,1,1
1399,2017,11,9,55.0,43.0,3,0,1,1
1400,2017,11,9,37.0,42.0,6,0,0,1
1401,2017,11,9,45.0,53.0,6,1,0,1
1402,2017,11,9,34.0,45.0,6,1,0,1
1403,2017,11,9,30.0,38.0,6,0,0,1
1404,2017,11,9,51.0,44.5,6,0,1,1
1405,2017,11,9,40.0,54.0,6,1,0,1
1406,2017,11,9,68.0,42.5,6,0,1,1
1407,2017,11,9,74.0,41.0,6,0,1,1
1408,2017,11,9,30.0,39.0,6,0,0,1
1409,2017,11,9,31.0,44.5,6,0,0,1
1410,2017,11,9,43.0,41.0,6,0,1,1
1411,2017,11,9,47.0,42.5,0,0,1,1
1412,2017,11,10,38.0,40.0,3,1,0,1
1413,2017,11,10,34.0,49.0,6,1,0,1
1414,2017,11,10,57.0,48.5,6,0,1,1
1415,2017,11,10,39.0,37.5,6,0,1,1
1416,2017,11,10,57.0,45.0,6,0,1,1
1417,2017,11,10,62.0,42.5,6,1,1,1
1418,2017,11,10,37.0,47.0,6,1,0,1
1419,2017,11,10,37.0,40.5,6,0,0,1
1420,2017,11,10,40.0,45.0,6,0,0,1
1421,2017,11,10,52.0,41.5,6,0,1,1
1422,2017,11,10,25.0,44.5,6,0,0,1
1423,2017,11,10,44.0,40.5,6,0,1,1
1424,2017,11,10,68.0,43.0,6,0,1,1
1425,2017,11,10,66.0,38.5,0,0,1,1
1426,2017,11,11,57.0,44.5,3,0,1,1
1427,2017,11,11,51.0,41.0,6,0,1,1
1428,2017,11,11,26.0,37.5,6,0,0,1
1429,2017,11,11,46.0,48.0,6,1,0,1
1430,2017,11,11,37.0,38.0,6,0,0,1
1431,2017,11,11,23.0,38.0,6,0,0,1
1432,2017,11,11,52.0,37.5,6,1,1,1
1433,2017,11,11,78.0,41.0,6,0,1,1
1434,2017,11,11,50.0,42.0,6,0,1,1
1435,2017,11,11,31.0,45.5,6,1,0,1
1436,2017,11,11,65.0,52.5,6,1,1,1
1437,2017,11,11,21.0,45.5,6,0,0,1
1438,2017,11,11,41.0,54.5,6,0,0,1
1439,2017,11,11,65.0,45.5,0,0,1,1
1440,2017,11,12,34.0,48.0,3,1,0,1
1441,2017,11,12,53.0,44.5,3,1,1,1
1442,2017,11,12,30.0,45.0,3,0,0,1
1443,2017,11,12,51.0,38.0,6,1,1,1
1444,2017,11,12,54.0,48.5,6,1,1,1
1445,2017,11,12,46.0,38.0,6,0,1,1
1446,2017,11,12,36.0,44.0,6,1,0,1
1447,2017,11,12,26.0,46.0,6,0,0,1
1448,2017,11,12,46.0,53.5,6,0,0,1
1449,2017,11,12,52.0,47.5,6,0,1,1
1450,2017,11,12,62.0,40.0,6,0,1,1
1451,2017,11,12,35.0,43.5,6,0,0,1
1452,2017,11,12,34.0,44.0,6,0,0,1
1453,2017,11,12,59.0,41.5,6,0,1,1
1454,2017,11,12,37.0,43.0,6,0,0,1
1455,2017,11,12,39.0,38.0,0,0,1,1
1456,2017,11,13,52.0,47.0,3,1,1,1
1457,2017,12,13,48.0,44.5,6,1,1,1
1458,2017,12,13,23.0,47.0,6,1,0,1
1459,2017,12,13,64.0,43.5,6,0,1,1
1460,2017,12,13,26.0,48.0,6,0,0,1
1461,2017,12,13,29.0,41.0,6,0,0,1
1462,2017,12,13,46.0,45.0,6,0,1,1
1463,2017,12,13,40.0,41.0,6,0,0,1
1464,2017,12,13,29.0,43.5,6,0,0,1
1465,2017,12,13,44.0,39.5,6,0,1,1
1466,2017,12,13,52.0,48.0,6,1,1,1
1467,2017,12,13,69.0,43.5,6,0,1,1
1468,2017,12,13,41.0,41.5,6,0,0,1
1469,2017,12,13,34.0,47.5,6,0,0,1
1470,2017,12,13,37.0,43.0,6,0,0,1
1471,2017,12,13,43.0,43.5,0,0,0,1
1472,2017,12,14,37.0,51.5,3,1,0,1
1473,2017,12,14,19.0,42.0,6,1,0,1
1474,2017,12,14,20.0,36.5,6,0,0,1
1475,2017,12,14,55.0,40.5,6,0,1,1
1476,2017,12,14,40.0,40.5,6,0,0,1
1477,2017,12,14,48.0,38.5,6,0,1,1
1478,2017,12,14,23.0,40.5,6,0,0,1
1479,2017,12,14,42.0,45.5,6,1,0,1
1480,2017,12,14,54.0,40.0,6,0,1,1
1481,2017,12,14,41.0,48.5,6,0,0,1
1482,2017,12,14,43.0,46.5,6,0,0,1
1483,2017,12,14,78.0,47.5,6,0,1,1
1484,2017,12,14,40.0,42.0,6,0,0,1
1485,2017,12,14,77.0,43.0,6,0,1,1
1486,2017,12,14,45.0,47.5,6,0,0,1
1487,2017,12,14,47.0,48.0,0,0,0,1
1488,2017,12,15,38.0,40.5,3,1,0,1
1489,2017,12,15,30.0,43.5,5,1,0,1
1490,2017,12,15,43.0,47.0,5,0,0,1
1491,2017,12,15,40.0,39.5,6,0,1,1
1492,2017,12,15,55.0,46.5,6,0,1,1
1493,2017,12,15,37.0,42.0,6,0,0,1
1494,2017,12,15,52.0,39.0,6,0,1,1
1495,2017,12,15,41.0,42.5,6,1,0,1
1496,2017,12,15,50.0,47.0,6,1,1,1
1497,2017,12,15,63.0,40.0,6,0,1,1
1498,2017,12,15,37.0,46.0,6,0,0,1
1499,2017,12,15,51.0,52.5,6,0,0,1
1500,2017,12,15,48.0,44.5,6,0,1,1
1501,2017,12,15,49.0,47.5,6,0,1,1
1502,2017,12,15,35.0,40.0,6,0,0,1
1503,2017,12,15,45.0,49.5,0,0,0,1
1504,2017,12,16,39.0,41.0,5,0,0,1
1505,2017,12,16,16.0,41.0,5,0,0,1
1506,2017,12,16,23.0,39.0,6,1,0,1
1507,2017,12,16,41.0,46.5,6,0,0,1
1508,2017,12,16,23.0,37.0,6,0,0,1
1509,2017,12,16,43.0,43.5,6,0,0,1
1510,2017,12,16,33.0,47.0,6,1,0,1
1511,2017,12,16,42.0,43.5,6,0,0,1
1512,2017,12,16,53.0,47.5,6,0,1,1
1513,2017,12,16,36.0,52.0,6,1,0,1
1514,2017,12,16,21.0,42.5,6,0,0,1
1515,2017,12,16,77.0,43.0,6,0,1,1
1516,2017,12,16,50.0,46.0,6,0,1,1
1517,2017,12,16,38.0,39.5,6,0,0,1
1518,2017,12,16,40.0,45.5,0,1,0,1
1519,2017,12,16,29.0,46.0,0,0,0,1
1520,2017,12,17,32.0,44.5,6,1,0,1
1521,2017,12,17,58.0,40.0,6,0,1,1
1522,2017,12,17,51.0,37.5,6,0,1,1
1523,2017,12,17,46.0,44.5,6,1,1,1
1524,2017,12,17,35.0,41.5,6,1,0,1
1525,2017,12,17,40.0,43.0,6,0,0,1
1526,2017,12,17,47.0,44.5,6,0,1,1
1527,2017,12,17,38.0,41.5,6,0,0,1
1528,2017,12,17,33.0,38.5,6,1,0,1
1529,2017,12,17,32.0,43.5,6,0,0,1
1530,2017,12,17,28.0,41.0,6,0,0,1
1531,2017,12,17,6.0,41.0,6,0,0,1
1532,2017,12,17,52.0,38.5,6,0,1,1
1533,2017,12,17,50.0,38.0,6,0,1,1
1534,2017,12,17,55.0,49.0,6,0,1,1
1535,2017,12,17,25.0,40.0,6,0,0,1
1536,2018,9,1,30.0,44.5,3,0,0,4
1537,2018,9,1,30.0,43.5,6,1,0,4
1538,2018,9,1,50.0,39.0,6,0,1,4
1539,2018,9,1,24.0,42.5,6,0,0,4
1540,2018,9,1,42.0,41.0,6,0,1,4
1541,2018,9,1,51.0,42.5,6,0,1,4
1542,2018,9,1,47.0,45.0,6,0,1,4
1543,2018,9,1,57.0,47.5,6,1,1,4
1544,2018,9,1,66.0,48.0,6,0,1,4
1545,2018,9,1,47.0,43.5,6,0,1,4
1546,2018,9,1,40.0,46.5,6,1,0,4
1547,2018,9,1,47.0,49.5,6,0,0,4
1548,2018,9,1,88.0,50.0,6,1,1,4
1549,2018,9,1,35.0,43.0,6,0,0,4
1550,2018,9,1,65.0,44.0,0,1,1,4
1551,2018,9,1,46.0,47.5,0,0,0,4
1552,2018,9,2,57.0,43.0,3,0,1,4
1553,2018,9,2,55.0,44.0,6,1,1,4
1554,2018,9,2,51.0,41.5,6,0,1,4
1555,2018,9,2,33.0,42.0,6,1,0,4
1556,2018,9,2,39.0,44.0,6,0,0,4
1557,2018,9,2,58.0,45.0,6,0,1,4
1558,2018,9,2,51.0,44.5,6,0,1,4
1559,2018,9,2,34.0,43.5,6,0,0,4
1560,2018,9,2,39.0,51.0,6,1,0,4
1561,2018,9,2,32.0,43.0,6,0,0,4
1562,2018,9,2,79.0,52.0,6,0,1,4
1563,2018,9,2,57.0,48.5,6,0,1,4
1564,2018,9,2,48.0,46.5,6,0,1,4
1565,2018,9,2,37.0,41.0,6,0,0,4
1566,2018,9,2,30.0,48.0,6,0,0,4
1567,2018,9,2,41.0,42.5,0,0,0,4
1568,2018,9,3,38.0,41.0,3,0,0,4
1569,2018,9,3,30.0,39.0,6,1,0,4
1570,2018,9,3,80.0,54.0,6,1,1,4
1571,2018,9,3,41.0,46.0,6,0,0,4
1572,2018,9,3,52.0,44.0,6,0,1,4
1573,2018,9,3,36.0,55.0,6,1,0,4
1574,2018,9,3,49.0,44.0,6,1,1,4
1575,2018,9,3,15.0,39.0,6,0,0,4
1576,2018,9,3,65.0,53.0,6,0,1,4
1577,2018,9,3,58.0,49.0,6,0,1,4
1578,2018,9,3,48.0,46.0,6,0,1,4
1579,2018,9,3,33.0,41.0,6,1,0,4
1580,2018,9,3,36.0,45.5,6,0,0,4
1581,2018,9,3,37.0,40.0,6,0,0,4
1582,2018,9,3,48.0,45.5,6,0,1,4
1583,2018,9,3,57.0,55.0,0,0,1,4
1584,2018,9,4,69.0,48.5,3,0,1,4
1585,2018,9,4,37.0,40.0,6,1,0,4
1586,2018,9,4,73.0,52.5,6,1,1,4
1587,2018,9,4,58.0,46.0,6,0,1,4
1588,2018,9,4,50.0,43.5,6,1,1,4
1589,2018,9,4,22.0,43.5,6,0,0,4
1590,2018,9,4,71.0,48.0,6,1,1,4
1591,2018,9,4,43.0,40.5,6,0,1,4
1592,2018,9,4,56.0,46.0,6,0,1,4
1593,2018,9,4,45.0,50.5,6,0,0,4
1594,2018,9,4,51.0,51.5,6,0,0,4
1595,2018,9,4,87.0,44.5,6,0,1,4
1596,2018,9,4,40.0,51.0,6,0,0,4
1597,2018,9,4,49.0,41.5,6,0,1,4
1598,2018,10,4,50.0,53.5,0,0,0,4
1599,2018,10,5,62.0,49.5,3,0,1,4
1600,2018,10,5,25.0,38.5,6,0,0,4
1601,2018,10,5,64.0,43.5,6,0,1,4
1602,2018,10,5,44.0,47.5,6,0,0,4
1603,2018,10,5,21.0,44.5,6,0,0,4
1604,2018,10,5,54.0,50.0,6,1,1,4
1605,2018,10,5,35.0,45.5,6,1,0,4
1606,2018,10,5,44.0,48.0,6,0,0,4
1607,2018,10,5,36.0,52.0,6,0,0,4
1608,2018,10,5,50.0,43.0,6,0,1,4
1609,2018,10,5,44.0,48.0,6,0,0,4
1610,2018,10,5,58.0,57.0,6,0,1,4
1611,2018,10,5,46.0,40.5,6,0,1,4
1612,2018,10,5,64.0,50.5,6,0,1,4
1613,2018,10,5,62.0,51.5,0,1,1,4
1614,2018,10,6,47.0,45.0,3,0,1,4
1615,2018,10,6,63.0,57.0,6,1,1,4
1616,2018,10,6,49.0,49.5,6,0,0,4
1617,2018,10,6,52.0,47.0,6,0,1,4
1618,2018,10,6,47.0,39.0,6,1,1,4
1619,2018,10,6,43.0,50.0,6,0,0,4
1620,2018,10,6,33.0,40.5,6,1,0,4
1621,2018,10,6,59.0,40.5,6,0,1,4
1622,2018,10,6,44.0,43.5,6,1,1,4
1623,2018,10,6,83.0,59.5,6,0,1,4
1624,2018,10,6,76.0,47.5,6,0,1,4
1625,2018,10,6,30.0,48.0,6,0,0,4
1626,2018,10,6,21.0,43.5,6,0,0,4
1627,2018,10,6,40.0,44.5,6,0,0,4
1628,2018,10,6,63.0,46.5,0,0,1,4
1629,2018,10,7,55.0,42.5,3,1,1,4
1630,2018,10,7,47.0,49.0,6,0,0,4
1631,2018,10,7,69.0,48.5,6,0,1,4
1632,2018,10,7,42.0,43.5,6,1,0,4
1633,2018,10,7,27.0,42.5,6,0,0,4
1634,2018,10,7,55.0,56.0,6,0,0,4
1635,2018,10,7,39.0,46.0,6,0,0,4
1636,2018,10,7,53.0,47.0,6,0,1,4
1637,2018,10,7,54.0,45.0,6,0,1,4
1638,2018,10,7,38.0,45.0,6,0,0,4
1639,2018,10,7,49.0,52.0,6,0,0,4
1640,2018,10,7,49.0,52.5,6,0,0,4
1641,2018,10,7,37.0,40.5,6,0,0,4
1642,2018,10,7,43.0,53.0,0,1,0,4
1643,2018,10,8,65.0,45.0,3,1,1,4
1644,2018,10,8,33.0,40.0,6,1,0,4
1645,2018,10,8,57.0,44.0,6,0,1,4
1646,2018,10,8,34.0,42.5,6,0,0,4
1647,2018,10,8,71.0,55.0,6,0,1,4
1648,2018,10,8,42.0,48.0,6,1,0,4
1649,2018,10,8,42.0,44.0,6,0,0,4
1650,2018,10,8,53.0,53.0,6,0,0,4
1651,2018,10,8,56.0,57.0,6,0,0,4
1652,2018,10,8,50.0,53.5,6,1,0,4
1653,2018,10,8,33.0,44.0,6,0,0,4
1654,2018,10,8,70.0,51.0,6,0,1,4
1655,2018,10,8,51.0,47.5,6,0,1,4
1656,2018,10,8,31.0,44.5,0,0,0,4
1657,2018,11,9,37.0,44.0,3,0,0,4
1658,2018,11,9,39.0,46.5,6,0,0,4
1659,2018,11,9,50.0,38.0,6,0,1,4
1660,2018,11,9,70.0,55.5,6,0,1,4
1661,2018,11,9,58.0,51.5,6,0,1,4
1662,2018,11,9,36.0,46.5,6,0,0,4
1663,2018,11,9,19.0,43.0,6,0,0,4
1664,2018,11,9,33.0,47.5,6,1,0,4
1665,2018,11,9,48.0,56.0,6,0,0,4
1666,2018,11,9,80.0,57.0,6,1,1,4
1667,2018,11,9,42.0,48.0,6,0,0,4
1668,2018,11,9,52.0,46.5,6,0,1,4
1669,2018,11,9,42.0,40.5,0,1,1,4
1670,2018,11,10,73.0,51.0,3,0,1,4
1671,2018,11,10,56.0,44.5,6,0,1,4
1672,2018,11,10,65.0,53.5,6,0,1,4
1673,2018,11,10,44.0,49.5,6,0,0,4
1674,2018,11,10,43.0,48.5,6,0,0,4
1675,2018,11,10,55.0,48.0,6,1,1,4
1676,2018,11,10,40.0,49.5,6,0,0,4
1677,2018,11,10,67.0,51.0,6,0,1,4
1678,2018,11,10,51.0,38.0,6,0,1,4
1679,2018,11,10,26.0,50.0,6,0,0,4
1680,2018,11,10,47.0,45.5,6,0,1,4
1681,2018,11,10,19.0,51.0,6,0,0,4
1682,2018,11,10,44.0,47.0,6,0,0,4
1683,2018,11,10,50.0,45.0,0,0,1,4
1684,2018,11,11,51.0,49.0,3,0,1,4
1685,2018,11,11,44.0,41.0,6,1,1,4
1686,2018,11,11,41.0,50.0,6,1,0,4
1687,2018,11,11,45.0,44.0,6,0,1,4
1688,2018,11,11,45.0,44.0,6,0,1,4
1689,2018,11,11,39.0,48.0,6,1,0,4
1690,2018,11,11,48.0,50.0,6,1,0,4
1691,2018,11,11,36.0,47.0,6,0,0,4
1692,2018,11,11,45.0,46.5,6,0,0,4
1693,2018,11,11,55.0,56.5,6,1,0,4
1694,2018,11,11,73.0,53.5,6,0,1,4
1695,2018,11,11,44.0,40.5,6,0,1,4
1696,2018,11,11,105.0,63.5,0,0,1,4
1697,2018,11,12,54.0,40.0,3,1,1,4
1698,2018,11,12,39.0,43.0,3,1,0,4
1699,2018,11,12,48.0,61.5,3,1,0,4
1700,2018,11,12,51.0,42.0,6,0,1,4
1701,2018,11,12,45.0,36.5,6,0,1,4
1702,2018,11,12,57.0,46.5,6,0,1,4
1703,2018,11,12,55.0,46.5,6,0,1,4
1704,2018,11,12,41.0,47.5,6,0,0,4
1705,2018,11,12,51.0,52.5,6,1,0,4
1706,2018,11,12,55.0,43.0,6,0,1,4
1707,2018,11,12,41.0,48.0,6,1,0,4
1708,2018,11,12,40.0,46.5,6,0,0,4
1709,2018,11,12,47.0,49.0,6,0,0,4
1710,2018,11,12,36.0,54.5,6,0,0,4
1711,2018,11,12,51.0,42.5,0,1,1,4
1712,2018,11,13,23.0,51.5,3,1,0,4
1713,2018,12,13,42.0,46.5,6,1,0,4
1714,2018,12,13,34.0,45.0,6,0,0,4
1715,2018,12,13,46.0,54.0,6,1,0,4
1716,2018,12,13,37.0,41.0,6,0,0,4
1717,2018,12,13,42.0,47.5,6,1,0,4
1718,2018,12,13,6.0,45.5,6,0,0,4
1719,2018,12,13,38.0,40.0,6,0,0,4
1720,2018,12,13,34.0,49.5,6,0,0,4
1721,2018,12,13,57.0,44.0,6,0,1,4
1722,2018,12,13,73.0,53.5,6,0,1,4
1723,2018,12,13,63.0,52.5,6,0,1,4
1724,2018,12,13,59.0,45.5,6,0,1,4
1725,2018,12,13,41.0,52.0,6,0,0,4
1726,2018,12,13,48.0,40.5,6,0,1,4
1727,2018,12,13,41.0,45.0,0,0,0,4
1728,2018,12,14,39.0,37.5,3,0,1,4
1729,2018,12,14,20.0,40.5,6,1,0,4
1730,2018,12,14,50.0,37.0,6,0,1,4
1731,2018,12,14,21.0,51.0,6,0,0,4
1732,2018,12,14,46.0,47.5,6,0,0,4
1733,2018,12,14,52.0,45.5,6,1,1,4
1734,2018,12,14,54.0,50.5,6,0,1,4
1735,2018,12,14,45.0,49.0,6,1,0,4
1736,2018,12,14,51.0,48.5,6,0,1,4
1737,2018,12,14,47.0,48.5,6,0,0,4
1738,2018,12,14,67.0,49.5,6,0,1,4
1739,2018,12,14,45.0,51.0,6,0,0,4
1740,2018,12,14,34.0,45.5,6,0,0,4
1741,2018,12,14,42.0,54.0,6,0,0,4
1742,2018,12,14,56.0,40.5,6,0,1,4
1743,2018,12,14,28.0,45.5,0,0,0,4
1744,2018,12,15,57.0,54.0,3,0,1,4
1745,2018,12,15,33.0,47.0,5,0,0,4
1746,2018,12,15,51.0,44.0,5,0,1,4
1747,2018,12,15,54.0,43.5,6,1,1,4
1748,2018,12,15,32.0,45.0,6,0,0,4
1749,2018,12,15,27.0,40.0,6,0,0,4
1750,2018,12,15,41.0,46.5,6,0,0,4
1751,2018,12,15,46.0,46.0,6,0,0,4
1752,2018,12,15,23.0,46.5,6,1,0,4
1753,2018,12,15,29.0,36.5,6,0,0,4
1754,2018,12,15,53.0,52.5,6,0,1,4
1755,2018,12,15,58.0,45.0,6,1,1,4
1756,2018,12,15,17.0,42.0,6,0,0,4
1757,2018,12,15,27.0,56.0,6,0,0,4
1758,2018,12,15,49.0,44.0,6,0,1,4
1759,2018,12,15,21.0,50.5,0,0,0,4
1760,2018,12,16,32.0,42.5,5,0,0,4
1761,2018,12,16,41.0,37.5,5,0,1,4
1762,2018,12,16,40.0,43.0,6,1,0,4
1763,2018,12,16,34.0,46.0,6,0,0,4
1764,2018,12,16,44.0,44.0,6,0,0,4
1765,2018,12,16,47.0,48.0,6,1,0,4
1766,2018,12,16,36.0,42.5,6,1,0,4
1767,2018,12,16,55.0,48.5,6,1,1,4
1768,2018,12,16,24.0,39.5,6,0,0,4
1769,2018,12,16,36.0,45.0,6,0,0,4
1770,2018,12,16,59.0,53.0,6,1,1,4
1771,2018,12,16,82.0,47.5,6,0,1,4
1772,2018,12,16,62.0,46.5,6,0,1,4
1773,2018,12,16,23.0,44.0,6,0,0,4
1774,2018,12,16,69.0,54.5,6,0,1,4
1775,2018,12,16,41.0,42.5,0,0,0,4
1776,2018,12,17,50.0,41.0,6,0,1,4
1777,2018,12,17,59.0,39.5,6,0,1,4
1778,2018,12,17,32.0,43.5,6,0,0,4
1779,2018,12,17,31.0,44.5,6,0,0,4
1780,2018,12,17,23.0,39.5,6,1,0,4
1781,2018,12,17,38.0,52.5,6,0,0,4
1782,2018,12,17,80.0,49.5,6,0,1,4
1783,2018,12,17,34.0,40.5,6,1,0,4
1784,2018,12,17,41.0,46.5,6,0,0,4
1785,2018,12,17,47.0,42.0,6,1,1,4
1786,2018,12,17,71.0,38.5,6,0,1,4
1787,2018,12,17,29.0,45.0,6,0,0,4
1788,2018,12,17,51.0,39.5,6,0,1,4
1789,2018,12,17,66.0,51.5,6,0,1,4
1790,2018,12,17,50.0,42.5,6,0,1,4
1791,2018,12,17,24.0,42.5,6,0,0,4
1792,2019,9,1,13.0,46.5,3,0,0,10
1793,2019,9,1,54.0,45.5,6,1,1,10
1794,2019,9,1,57.0,49.5,6,0,1,10
1795,2019,9,1,56.0,44.0,6,0,1,10
1796,2019,9,1,52.0,44.0,6,1,1,10
1797,2019,9,1,66.0,49.0,6,0,1,10
1798,2019,9,1,54.0,44.5,6,0,1,10
1799,2019,9,1,69.0,40.5,6,0,1,10
1800,2019,9,1,40.0,47.0,6,1,0,10
1801,2019,9,1,36.0,49.0,6,0,0,10
1802,2019,9,1,33.0,41.0,6,0,0,10
1803,2019,9,1,59.0,44.5,6,0,1,10
1804,2019,9,1,41.0,44.0,6,0,0,10
1805,2019,9,1,48.0,51.0,6,0,0,10
1806,2019,9,1,58.0,51.5,0,1,1,10
1807,2019,9,1,40.0,42.5,0,0,0,10
1808,2019,9,2,34.0,48.0,3,0,0,10
1809,2019,9,2,44.0,53.0,6,1,0,10
1810,2019,9,2,40.0,45.5,6,0,0,10
1811,2019,9,2,58.0,46.0,6,0,1,10
1812,2019,9,2,30.0,40.5,6,0,0,10
1813,2019,9,2,23.0,46.5,6,1,0,10
1814,2019,9,2,37.0,43.0,6,0,0,10
1815,2019,9,2,25.0,43.0,6,1,0,10
1816,2019,9,2,36.0,52.0,6,0,0,10
1817,2019,9,2,43.0,48.5,6,0,0,10
1818,2019,9,2,42.0,44.5,6,0,0,10
1819,2019,9,2,38.0,53.0,6,0,0,10
1820,2019,9,2,54.0,47.0,6,0,1,10
1821,2019,9,2,36.0,43.5,6,0,0,10
1822,2019,9,2,52.0,46.0,6,0,1,10
1823,2019,9,2,26.0,45.0,0,0,0,10
1824,2019,9,3,27.0,38.0,3,0,0,10
1825,2019,9,3,58.0,45.5,6,1,1,10
1826,2019,9,3,38.0,43.5,6,0,0,10
1827,2019,9,3,33.0,48.0,6,0,0,10
1828,2019,9,3,37.0,46.5,6,1,0,10
1829,2019,9,3,43.0,41.5,6,0,1,10
1830,2019,9,3,51.0,48.0,6,1,1,10
1831,2019,9,3,61.0,52.0,6,0,1,10
1832,2019,9,3,47.0,49.0,6,0,0,10
1833,2019,9,3,48.0,43.5,6,1,1,10
1834,2019,9,3,44.0,43.0,6,0,1,10
1835,2019,9,3,51.0,45.0,6,0,1,10
1836,2019,9,3,44.0,44.5,6,0,0,10
1837,2019,9,3,60.0,44.0,6,0,1,10
1838,2019,9,3,63.0,48.0,6,0,1,10
1839,2019,9,3,46.0,41.0,0,0,1,10
1840,2019,9,4,61.0,46.5,3,0,1,10
1841,2019,9,4,37.0,48.5,6,1,0,10
1842,2019,9,4,34.0,46.5,6,1,0,10
1843,2019,9,4,65.0,47.5,6,0,1,10
1844,2019,9,4,26.0,41.5,6,0,0,10
1845,2019,9,4,22.0,38.5,6,0,0,10
1846,2019,9,4,50.0,37.5,6,0,1,10
1847,2019,9,4,64.0,54.5,6,1,1,10
1848,2019,9,4,26.0,47.5,6,1,0,10
1849,2019,9,4,55.0,46.5,6,1,1,10
1850,2019,9,4,95.0,48.5,6,0,1,10
1851,2019,9,4,40.0,43.5,6,0,0,10
1852,2019,9,4,22.0,47.0,6,1,0,10
1853,2019,9,4,27.0,48.0,6,0,0,10
1854,2019,9,4,30.0,45.0,0,0,0,10
1855,2019,10,5,59.0,48.5,3,0,1,10
1856,2019,10,5,61.0,40.5,6,0,1,10
1857,2019,10,5,49.0,46.5,6,0,1,10
1858,2019,10,5,58.0,46.5,6,1,1,10
1859,2019,10,5,85.0,49.0,6,1,1,10
1860,2019,10,5,32.0,55.5,6,0,0,10
1861,2019,10,5,33.0,45.5,6,0,0,10
1862,2019,10,5,55.0,46.5,6,1,1,10
1863,2019,10,5,38.0,43.5,6,0,0,10
1864,2019,10,5,45.0,39.5,6,0,1,10
1865,2019,10,5,37.0,43.0,6,0,0,10
1866,2019,10,5,49.0,44.0,6,0,1,10
1867,2019,10,5,21.0,39.5,6,0,0,10
1868,2019,10,5,40.0,41.5,6,0,0,10
1869,2019,10,5,34.0,48.0,0,0,0,10
1870,2019,10,6,49.0,43.0,3,0,1,10
1871,2019,10,6,67.0,52.0,6,1,1,10
1872,2019,10,6,40.0,46.5,6,0,0,10
1873,2019,10,6,60.0,45.5,6,0,1,10
1874,2019,10,6,16.0,41.0,6,0,0,10
1875,2019,10,6,19.0,42.5,6,0,0,10
1876,2019,10,6,55.0,54.5,6,0,1,10
1877,2019,10,6,41.0,42.5,6,0,0,10
1878,2019,10,6,27.0,50.0,6,0,0,10
1879,2019,10,6,33.0,42.5,6,0,0,10
1880,2019,10,6,58.0,44.5,6,1,1,10
1881,2019,10,6,46.0,43.5,6,0,1,10
1882,2019,10,6,63.0,47.5,6,0,1,10
1883,2019,10,6,45.0,47.0,0,0,0,10
1884,2019,10,7,36.0,49.5,3,0,0,10
1885,2019,10,7,47.0,54.5,6,1,0,10
1886,2019,10,7,52.0,42.5,6,0,1,10
1887,2019,10,7,61.0,37.0,6,0,1,10
1888,2019,10,7,44.0,44.0,6,0,0,10
1889,2019,10,7,47.0,50.0,6,1,0,10
1890,2019,10,7,72.0,43.5,6,1,1,10
1891,2019,10,7,66.0,47.5,6,0,1,10
1892,2019,10,7,53.0,46.5,6,1,1,10
1893,2019,10,7,48.0,50.0,6,0,0,10
1894,2019,10,7,46.0,48.5,6,0,0,10
1895,2019,10,7,43.0,42.5,6,0,1,10
1896,2019,10,7,9.0,39.0,6,0,0,10
1897,2019,10,7,33.0,43.0,0,0,0,10
1898,2019,10,8,28.0,42.0,3,1,0,10
1899,2019,10,8,47.0,48.5,6,1,0,10
1900,2019,10,8,44.0,39.5,6,0,1,10
1901,2019,10,8,33.0,41.0,6,0,0,10
1902,2019,10,8,57.0,49.0,6,1,1,10
1903,2019,10,8,51.0,52.0,6,1,0,10
1904,2019,10,8,28.0,42.0,6,1,0,10
1905,2019,10,8,44.0,40.0,6,0,1,10
1906,2019,10,8,55.0,47.5,6,0,1,10
1907,2019,10,8,34.0,48.5,6,0,0,10
1908,2019,10,8,40.0,43.0,6,0,0,10
1909,2019,10,8,40.0,48.0,6,1,0,10
1910,2019,10,8,64.0,40.5,6,0,1,10
1911,2019,10,8,50.0,45.5,6,0,1,10
1912,2019,10,8,41.0,44.0,0,0,0,10
1913,2019,10,9,53.0,43.0,3,1,1,10
1914,2019,11,9,57.0,44.5,6,0,1,10
1915,2019,11,9,33.0,37.0,6,0,0,10
1916,2019,11,9,50.0,43.0,6,0,1,10
1917,2019,11,9,43.0,39.0,6,0,1,10
1918,2019,11,9,29.0,46.0,6,0,0,10
1919,2019,11,9,49.0,45.5,6,0,1,10
1920,2019,11,9,37.0,50.0,6,0,0,10
1921,2019,11,9,44.0,42.5,6,0,1,10
1922,2019,11,9,55.0,51.0,6,0,1,10
1923,2019,11,9,36.0,41.0,6,0,0,10
1924,2019,11,9,50.0,40.0,6,0,1,10
1925,2019,11,9,74.0,51.0,6,0,1,10
1926,2019,11,9,55.0,48.5,0,0,1,10
1927,2019,11,10,50.0,49.0,3,0,1,10
1928,2019,11,10,33.0,38.0,6,0,0,10
1929,2019,11,10,62.0,44.0,6,0,1,10
1930,2019,11,10,35.0,42.0,6,0,0,10
1931,2019,11,10,52.0,48.0,6,1,1,10
1932,2019,11,10,40.0,49.0,6,0,0,10
1933,2019,11,10,28.0,44.0,6,1,0,10
1934,2019,11,10,35.0,51.5,6,1,0,10
1935,2019,11,10,61.0,43.0,6,0,1,10
1936,2019,11,10,29.0,43.5,6,0,0,10
1937,2019,11,10,57.0,51.5,6,0,1,10
1938,2019,11,10,67.0,49.0,6,0,1,10
1939,2019,11,10,51.0,46.5,0,0,1,10
1940,2019,11,11,28.0,41.5,3,0,0,10
1941,2019,11,11,48.0,51.0,6,0,0,10
1942,2019,11,11,32.0,49.0,6,0,0,10
1943,2019,11,11,62.0,46.5,6,1,1,10
1944,2019,11,11,46.0,41.5,6,1,1,10
1945,2019,11,11,24.0,40.0,6,0,0,10
1946,2019,11,11,57.0,41.0,6,0,1,10
1947,2019,11,11,50.0,40.0,6,1,1,10
1948,2019,11,11,27.0,48.0,6,0,0,10
1949,2019,11,11,27.0,45.0,6,0,0,10
1950,2019,11,11,62.0,44.0,6,0,1,10
1951,2019,11,11,51.0,50.5,6,0,1,10
1952,2019,11,11,51.0,37.5,6,0,1,10
1953,2019,11,11,41.0,52.5,0,0,0,10
1954,2019,11,12,37.0,46.0,3,1,0,10
1955,2019,11,12,57.0,51.5,6,1,1,10
1956,2019,11,12,23.0,37.0,6,0,0,10
1957,2019,11,12,33.0,41.0,6,0,0,10
1958,2019,11,12,26.0,37.0,6,0,0,10
1959,2019,11,12,65.0,46.0,6,0,1,10
1960,2019,11,12,22.0,44.5,6,0,0,10
1961,2019,11,12,65.0,46.5,6,1,1,10
1962,2019,11,12,37.0,44.5,6,0,0,10
1963,2019,11,12,26.0,45.5,6,0,0,10
1964,2019,11,12,45.0,48.0,6,0,0,10
1965,2019,11,12,62.0,42.5,6,0,1,10
1966,2019,11,12,35.0,40.0,6,0,0,10
1967,2019,11,12,51.0,47.0,0,0,1,10
1968,2019,11,13,44.0,48.0,3,1,0,10
1969,2019,11,13,41.0,46.5,3,1,0,10
1970,2019,11,13,44.0,37.0,3,1,1,10
1971,2019,12,13,41.0,47.0,6,1,0,10
1972,2019,12,13,37.0,45.0,6,0,0,10
1973,2019,12,13,50.0,38.5,6,0,1,10
1974,2019,12,13,28.0,43.0,6,0,0,10
1975,2019,12,13,43.0,38.5,6,0,1,10
1976,2019,12,13,50.0,47.0,6,1,1,10
1977,2019,12,13,48.0,41.5,6,1,1,10
1978,2019,12,13,39.0,46.5,6,0,0,10
1979,2019,12,13,49.0,49.5,6,0,0,10
1980,2019,12,13,68.0,44.5,6,0,1,10
1981,2019,12,13,44.0,43.5,6,0,1,10
1982,2019,12,13,33.0,40.0,6,0,0,10
1983,2019,12,13,67.0,48.5,0,0,1,10
1984,2019,12,14,55.0,43.0,3,0,1,10
1985,2019,12,14,40.0,43.5,6,1,0,10
1986,2019,12,14,60.0,48.0,6,1,1,10
1987,2019,12,14,41.0,44.0,6,0,0,10
1988,2019,12,14,46.0,43.5,6,0,1,10
1989,2019,12,14,35.0,42.0,6,0,0,10
1990,2019,12,14,62.0,42.5,6,1,1,10
1991,2019,12,14,55.0,42.0,6,0,1,10
1992,2019,12,14,40.0,47.5,6,0,0,10
1993,2019,12,14,27.0,44.0,6,1,0,10
1994,2019,12,14,39.0,48.5,6,0,0,10
1995,2019,12,14,94.0,45.0,6,1,1,10
1996,2019,12,14,43.0,47.0,6,0,0,10
1997,2019,12,14,63.0,47.0,6,0,1,10
1998,2019,12,14,73.0,46.5,6,0,1,10
1999,2019,12,14,40.0,45.0,0,0,0,10
2000,2019,12,15,63.0,44.0,3,0,1,10
2001,2019,12,15,62.0,49.0,6,1,1,10
2002,2019,12,15,54.0,48.5,6,0,1,10
2003,2019,12,15,47.0,41.5,6,0,1,10
2004,2019,12,15,65.0,48.5,6,1,1,10
2005,2019,12,15,55.0,46.0,6,1,1,10
2006,2019,12,15,34.0,41.0,6,0,0,10
2007,2019,12,15,26.0,43.0,6,0,0,10
2008,2019,12,15,49.0,45.0,6,0,1,10
2009,2019,12,15,56.0,46.5,6,0,1,10
2010,2019,12,15,36.0,46.0,6,0,0,10
2011,2019,12,15,27.0,37.0,6,0,0,10
2012,2019,12,15,51.0,49.5,6,0,1,10
2013,2019,12,15,45.0,50.0,6,0,0,10
2014,2019,12,15,64.0,38.5,6,0,1,10
2015,2019,12,15,41.0,49.0,0,1,0,10
2016,2019,12,16,41.0,38.5,5,0,1,10
2017,2019,12,16,65.0,45.5,5,0,1,10
2018,2019,12,16,43.0,50.5,5,0,0,10
2019,2019,12,16,36.0,48.0,6,1,0,10
2020,2019,12,16,29.0,45.5,6,0,0,10
2021,2019,12,16,46.0,49.0,6,0,0,10
2022,2019,12,16,44.0,40.0,6,0,1,10
2023,2019,12,16,44.0,46.5,6,1,0,10
2024,2019,12,16,41.0,45.0,6,0,0,10
2025,2019,12,16,73.0,45.0,6,0,1,10
2026,2019,12,16,26.0,36.5,6,0,0,10
2027,2019,12,16,26.0,46.5,6,0,0,10
2028,2019,12,16,40.0,51.0,6,0,0,10
2029,2019,12,16,66.0,49.0,6,0,1,10
2030,2019,12,16,76.0,42.0,6,0,1,10
2031,2019,12,16,33.0,46.5,0,1,0,10
2032,2019,12,17,38.0,35.0,6,0,1,10
2033,2019,12,17,19.0,37.0,6,0,0,10
2034,2019,12,17,52.0,44.5,6,0,1,10
2035,2019,12,17,56.0,43.5,6,0,1,10
2036,2019,12,17,63.0,47.5,6,1,1,10
2037,2019,12,17,31.0,41.0,6,0,0,10
2038,2019,12,17,43.0,44.0,6,1,0,10
2039,2019,12,17,49.0,43.0,6,1,1,10
2040,2019,12,17,58.0,41.5,6,0,1,10
2041,2019,12,17,52.0,46.0,6,0,1,10
2042,2019,12,17,55.0,45.5,6,0,1,10
2043,2019,12,17,40.0,36.0,6,1,1,10
2044,2019,12,17,51.0,45.5,6,0,1,10
2045,2019,12,17,51.0,44.5,6,0,1,10
2046,2019,12,17,47.0,47.0,6,0,0,10
2047,2019,12,17,50.0,48.5,6,0,1,10
2048,2020,9,1,54.0,54.0,3,0,0,12
2049,2020,9,1,63.0,49.0,6,1,1,12
2050,2020,9,1,44.0,47.5,6,0,0,12
2051,2020,9,1,44.0,39.5,6,0,1,12
2052,2020,9,1,64.0,48.0,6,0,1,12
2053,2020,9,1,29.0,41.5,6,0,0,12
2054,2020,9,1,50.0,42.5,6,1,1,12
2055,2020,9,1,47.0,45.0,6,0,1,12
2056,2020,9,1,37.0,51.5,6,1,0,12
2057,2020,9,1,77.0,44.5,6,1,1,12
2058,2020,9,1,32.0,41.5,6,0,0,12
2059,2020,9,1,57.0,47.5,6,1,1,12
2060,2020,9,1,44.0,48.0,6,0,0,12
2061,2020,9,1,44.0,42.0,6,0,1,12
2062,2020,9,1,30.0,41.0,0,0,0,12
2063,2020,9,1,42.0,45.0,0,0,0,12
2064,2020,9,2,65.0,43.0,3,0,1,12
2065,2020,9,2,45.0,46.5,6,1,0,12
2066,2020,9,2,30.0,42.0,6,0,0,12
2067,2020,9,2,79.0,53.5,6,1,1,12
2068,2020,9,2,63.0,50.0,6,0,1,12
2069,2020,9,2,49.0,49.0,6,1,0,12
2070,2020,9,2,39.0,49.0,6,1,0,12
2071,2020,9,2,43.0,47.5,6,1,0,12
2072,2020,9,2,59.0,42.0,6,0,1,12
2073,2020,9,2,44.0,41.5,6,0,1,12
2074,2020,9,2,56.0,45.5,6,0,1,12
2075,2020,9,2,47.0,40.5,6,0,1,12
2076,2020,9,2,65.0,44.5,6,0,1,12
2077,2020,9,2,48.0,47.0,6,0,1,12
2078,2020,9,2,63.0,44.0,6,0,1,12
2079,2020,9,2,58.0,48.5,0,1,1,12
2080,2020,9,3,44.0,48.0,3,0,0,12
2081,2020,9,3,49.0,55.5,6,1,0,12
2082,2020,9,3,56.0,47.0,6,1,1,12
2083,2020,9,3,67.0,47.0,6,0,1,12
2084,2020,9,3,54.0,44.5,6,0,1,12
2085,2020,9,3,38.0,42.5,6,0,0,12
2086,2020,9,3,43.0,44.0,6,1,0,12
2087,2020,9,3,37.0,43.5,6,1,0,12
2088,2020,9,3,61.0,50.0,6,1,1,12
2089,2020,9,3,56.0,47.0,6,0,1,12
2090,2020,9,3,67.0,53.0,6,1,1,12
2091,2020,9,3,45.0,43.0,6,0,1,12
2092,2020,9,3,46.0,47.5,6,0,0,12
2093,2020,9,3,49.0,46.0,6,0,1,12
2094,2020,9,3,69.0,56.5,6,0,1,12
2095,2020,9,3,54.0,54.0,0,0,0,12
2096,2020,10,4,65.0,41.0,3,0,1,12
2097,2020,10,4,52.0,51.5,6,0,1,12
2098,2020,10,4,30.0,43.0,6,0,0,12
2099,2020,10,4,58.0,49.0,6,0,1,12
2100,2020,10,4,87.0,56.0,6,1,1,12
2101,2020,10,4,64.0,54.5,6,1,1,12
2102,2020,10,4,54.0,53.5,6,1,1,12
2103,2020,10,4,53.0,53.0,6,1,0,12
2104,2020,10,4,26.0,48.5,6,1,0,12
2105,2020,10,4,54.0,54.5,6,0,0,12
2106,2020,10,4,45.0,45.0,6,0,0,12
2107,2020,10,4,69.0,42.5,6,0,1,12
2108,2020,10,4,48.0,45.0,6,0,1,12
2109,2020,10,4,46.0,56.5,0,0,0,12
2110,2020,10,4,36.0,53.0,0,0,0,12
2111,2020,10,5,39.0,44.5,3,0,0,12
2112,2020,10,5,39.0,54.0,6,1,0,12
2113,2020,10,5,30.0,50.5,6,0,0,12
2114,2020,10,5,55.0,48.0,6,0,1,12
2115,2020,10,5,71.0,53.0,6,1,1,12
2116,2020,10,5,44.0,54.5,6,1,0,12
2117,2020,10,5,72.0,54.5,6,0,1,12
2118,2020,10,5,40.0,47.5,6,0,0,12
2119,2020,10,5,67.0,43.5,6,0,1,12
2120,2020,10,5,60.0,51.0,6,0,1,12
2121,2020,10,5,53.0,56.5,6,0,0,12
2122,2020,10,5,40.0,46.0,6,0,0,12
2123,2020,10,5,57.0,49.5,0,1,1,12
2124,2020,10,5,58.0,53.0,1,0,1,12
2125,2020,10,6,39.0,44.5,6,0,0,12
2126,2020,10,6,58.0,45.5,6,1,1,12
2127,2020,10,6,50.0,54.5,6,0,0,12
2128,2020,10,6,24.0,47.0,6,0,0,12
2129,2020,10,6,63.0,54.0,6,1,1,12
2130,2020,10,6,30.0,45.0,6,0,0,12
2131,2020,10,6,39.0,43.0,6,0,0,12
2132,2020,10,6,58.0,46.5,6,0,1,12
2133,2020,10,6,45.0,51.0,6,0,0,12
2134,2020,10,6,40.0,51.5,6,0,0,12
2135,2020,10,6,48.0,55.0,6,0,0,12
2136,2020,10,6,78.0,53.5,6,0,1,12
2137,2020,10,6,43.0,57.5,0,0,0,12
2138,2020,10,6,48.0,55.0,0,1,0,12
2139,2020,10,7,43.0,45.0,3,0,0,12
2140,2020,10,7,71.0,56.0,6,1,1,12
2141,2020,10,7,45.0,55.0,6,1,0,12
2142,2020,10,7,71.0,51.0,6,0,1,12
2143,2020,10,7,59.0,46.0,6,0,1,12
2144,2020,10,7,55.0,57.0,6,1,0,12
2145,2020,10,7,65.0,52.0,6,1,1,12
2146,2020,10,7,68.0,48.5,6,1,1,12
2147,2020,10,7,39.0,44.5,6,0,0,12
2148,2020,10,7,51.0,50.0,6,1,1,12
2149,2020,10,7,28.0,46.0,6,0,0,12
2150,2020,10,7,51.0,51.0,6,0,0,12
2151,2020,10,7,28.0,45.0,6,0,0,12
2152,2020,10,7,34.0,45.0,0,1,0,12
2153,2020,10,8,42.0,51.0,3,0,0,12
2154,2020,11,8,52.0,46.0,6,0,1,12
2155,2020,11,8,45.0,40.5,6,0,1,12
2156,2020,11,8,49.0,43.0,6,0,1,12
2157,2020,11,8,51.0,50.5,6,0,1,12
2158,2020,11,8,22.0,48.0,6,0,0,12
2159,2020,11,8,61.0,44.5,6,0,1,12
2160,2020,11,8,62.0,49.5,6,1,1,12
2161,2020,11,8,50.0,50.0,6,0,0,12
2162,2020,11,8,44.0,49.0,6,0,0,12
2163,2020,11,8,45.0,45.5,6,0,0,12
2164,2020,11,8,32.0,42.5,6,0,0,12
2165,2020,11,8,64.0,53.5,6,0,1,12
2166,2020,11,8,48.0,45.0,0,0,1,12
2167,2020,11,9,51.0,48.5,3,0,1,12
2168,2020,11,9,65.0,49.0,6,1,1,12
2169,2020,11,9,61.0,49.0,6,1,1,12
2170,2020,11,9,78.0,55.0,6,0,1,12
2171,2020,11,9,43.0,44.0,6,1,0,12
2172,2020,11,9,34.0,48.0,6,1,0,12
2173,2020,11,9,52.0,49.5,6,0,1,12
2174,2020,11,9,64.0,51.5,6,0,1,12
2175,2020,11,9,57.0,52.5,6,1,1,12
2176,2020,11,9,54.0,52.0,6,1,1,12
2177,2020,11,9,41.0,50.5,6,0,0,12
2178,2020,11,9,41.0,47.0,6,0,0,12
2179,2020,11,9,43.0,43.0,6,0,0,12
2180,2020,11,9,57.0,41.5,0,0,1,12
2181,2020,11,10,51.0,48.5,3,0,1,12
2182,2020,11,10,62.0,56.0,6,1,1,12
2183,2020,11,10,69.0,51.0,6,0,1,12
2184,2020,11,10,17.0,45.5,6,0,0,12
2185,2020,11,10,57.0,46.0,6,1,1,12
2186,2020,11,10,44.0,47.5,6,0,0,12
2187,2020,11,10,49.0,50.5,6,1,0,12
2188,2020,11,10,39.0,54.5,6,1,0,12
2189,2020,11,10,50.0,48.5,6,0,1,12
2190,2020,11,10,40.0,43.5,6,0,0,12
2191,2020,11,10,40.0,49.5,6,1,0,12
2192,2020,11,10,44.0,44.5,6,0,0,12
2193,2020,11,10,46.0,46.5,6,0,0,12
2194,2020,11,10,32.0,43.5,0,0,0,12
2195,2020,11,11,49.0,57.5,3,0,0,12
2196,2020,11,11,54.0,50.0,6,0,1,12
2197,2020,11,11,20.0,46.5,6,0,0,12
2198,2020,11,11,39.0,47.0,6,0,0,12
2199,2020,11,11,33.0,46.0,6,0,0,12
2200,2020,11,11,47.0,49.0,6,1,0,12
2201,2020,11,11,65.0,51.5,6,1,1,12
2202,2020,11,11,30.0,46.0,6,0,0,12
2203,2020,11,11,66.0,57.0,6,1,1,12
2204,2020,11,11,62.0,46.5,6,1,1,12
2205,2020,11,11,59.0,48.5,6,1,1,12
2206,2020,11,11,33.0,49.0,6,1,0,12
2207,2020,11,11,29.0,47.0,6,0,0,12
2208,2020,11,11,51.0,48.0,0,0,1,12
2209,2020,11,12,57.0,46.0,3,1,1,12
2210,2020,11,12,66.0,51.0,3,1,1,12
2211,2020,11,12,49.0,53.5,6,1,0,12
2212,2020,11,12,44.0,52.0,6,0,0,12
2213,2020,11,12,36.0,44.5,6,0,0,12
2214,2020,11,12,34.0,36.5,6,0,0,12
2215,2020,11,12,66.0,44.0,6,0,1,12
2216,2020,11,12,71.0,51.5,6,1,1,12
2217,2020,11,12,52.0,48.5,6,0,1,12
2218,2020,11,12,43.0,44.5,6,1,0,12
2219,2020,11,12,55.0,50.0,6,1,1,12
2220,2020,11,12,37.0,49.0,6,0,0,12
2221,2020,11,12,23.0,44.5,6,0,0,12
2222,2020,11,12,51.0,56.0,6,0,0,12
2223,2020,11,12,40.0,49.0,0,0,0,12
2224,2020,12,12,33.0,44.5,2,0,0,12
2225,2020,12,13,66.0,48.5,6,1,1,12
2226,2020,12,13,37.0,46.0,6,1,0,12
2227,2020,12,13,64.0,44.0,6,0,1,12
2228,2020,12,13,46.0,49.5,6,0,0,12
2229,2020,12,13,46.0,50.0,6,1,0,12
2230,2020,12,13,38.0,51.5,6,0,0,12
2231,2020,12,13,45.0,47.0,6,1,0,12
2232,2020,12,13,26.0,43.0,6,0,0,12
2233,2020,12,13,51.0,51.5,6,1,0,12
2234,2020,12,13,59.0,48.5,6,0,1,12
2235,2020,12,13,29.0,48.0,6,0,0,12
2236,2020,12,13,76.0,53.5,6,0,1,12
2237,2020,12,13,40.0,43.5,0,0,0,12
2238,2020,12,13,58.0,48.0,0,1,1,12
2239,2020,12,13,51.0,45.5,1,0,1,12
2240,2020,12,14,27.0,43.5,3,1,0,12
2241,2020,12,14,41.0,48.5,6,0,0,12
2242,2020,12,14,59.0,45.5,6,0,1,12
2243,2020,12,14,43.0,46.5,6,0,0,12
2244,2020,12,14,37.0,44.0,6,0,0,12
2245,2020,12,14,55.0,55.5,6,1,0,12
2246,2020,12,14,41.0,53.0,6,0,0,12
2247,2020,12,14,71.0,52.0,6,1,1,12
2248,2020,12,14,37.0,49.0,6,1,0,12
2249,2020,12,14,60.0,51.5,6,0,1,12
2250,2020,12,14,33.0,47.5,6,0,0,12
2251,2020,12,14,45.0,42.5,6,0,1,12
2252,2020,12,14,38.0,43.5,6,0,0,12
2253,2020,12,14,43.0,49.0,6,0,0,12
2254,2020,12,14,40.0,52.5,6,0,0,12
2255,2020,12,14,89.0,45.5,0,0,1,12
2256,2020,12,15,57.0,52.5,3,1,1,12
2257,2020,12,15,67.0,48.0,5,0,1,12
2258,2020,12,15,40.0,53.0,5,0,0,12
2259,2020,12,15,59.0,49.5,6,1,1,12
2260,2020,12,15,58.0,49.5,6,1,1,12
2261,2020,12,15,54.0,49.0,6,0,1,12
2262,2020,12,15,74.0,45.5,6,1,1,12
2263,2020,12,15,47.0,52.5,6,1,0,12
2264,2020,12,15,43.0,44.5,6,1,0,12
2265,2020,12,15,34.0,40.0,6,0,0,12
2266,2020,12,15,60.0,47.0,6,1,1,12
2267,2020,12,15,61.0,54.0,6,1,1,12
2268,2020,12,15,26.0,44.5,6,0,0,12
2269,2020,12,15,71.0,54.0,6,0,1,12
2270,2020,12,15,35.0,44.0,6,0,0,12
2271,2020,12,15,44.0,40.5,0,0,1,12
2272,2020,12,16,85.0,49.5,4,1,1,12
2273,2020,12,16,32.0,49.0,5,1,0,12
2274,2020,12,16,54.0,55.0,5,1,0,12
2275,2020,12,16,51.0,50.0,5,1,1,12
2276,2020,12,16,40.0,43.5,6,0,0,12
2277,2020,12,16,54.0,50.5,6,1,1,12
2278,2020,12,16,54.0,52.5,6,0,1,12
2279,2020,12,16,68.0,46.0,6,1,1,12
2280,2020,12,16,58.0,47.0,6,0,1,12
2281,2020,12,16,31.0,54.0,6,0,0,12
2282,2020,12,16,35.0,47.5,6,1,0,12
2283,2020,12,16,39.0,45.0,6,0,0,12
2284,2020,12,16,52.0,42.5,6,0,1,12
2285,2020,12,16,29.0,48.0,6,0,0,12
2286,2020,12,16,33.0,42.0,6,0,0,12
2287,2020,12,16,47.0,47.0,0,0,0,12
2288,2020,1,17,82.0,42.5,6,0,1,12
2289,2020,1,17,40.0,46.5,6,0,0,12
2290,2020,1,17,51.0,48.5,6,0,1,12
2291,2020,1,17,41.0,45.0,6,0,0,12
2292,2020,1,17,46.0,44.5,6,0,1,12
2293,2020,1,17,63.0,50.5,6,0,1,12
2294,2020,1,17,72.0,53.5,6,1,1,12
2295,2020,1,17,79.0,55.5,6,1,1,12
2296,2020,1,17,42.0,48.0,6,1,0,12
2297,2020,1,17,59.0,43.0,6,0,1,12
2298,2020,1,17,25.0,42.0,6,1,0,12
2299,2020,1,17,42.0,41.0,6,0,1,12
2300,2020,1,17,42.0,43.5,6,0,0,12
2301,2020,1,17,34.0,43.5,6,0,0,12
2302,2020,1,17,49.0,45.0,6,0,1,12
2303,2020,1,17,71.0,51.0,6,0,1,12
2304,2021,9,1,60.0,51.5,3,0,1,17
2305,2021,9,1,38.0,48.0,6,1,0,17
2306,2021,9,1,39.0,48.5,6,0,0,17
2307,2021,9,1,33.0,44.5,6,0,0,17
2308,2021,9,1,51.0,48.0,6,0,1,17
2309,2021,9,1,74.0,46.0,6,1,1,17
2310,2021,9,1,58.0,44.5,6,1,1,17
2311,2021,9,1,44.0,48.5,6,1,0,17
2312,2021,9,1,62.0,53.0,6,0,1,17
2313,2021,9,1,48.0,44.5,6,1,1,17
2314,2021,9,1,33.0,44.5,6,0,0,17
2315,2021,9,1,41.0,49.5,6,0,0,17
2316,2021,9,1,40.0,42.5,6,0,0,17
2317,2021,9,1,51.0,51.5,6,0,0,17
2318,2021,9,1,36.0,44.5,6,0,0,17
2319,2021,9,1,60.0,51.0,0,1,1,17
2320,2021,9,2,59.0,41.0,3,0,1,17
2321,2021,9,2,67.0,51.0,6,1,1,17
2322,2021,9,2,71.0,55.5,6,0,1,17
2323,2021,9,2,33.0,44.0,6,0,0,17
2324,2021,9,2,37.0,45.0,6,0,0,17
2325,2021,9,2,52.0,48.0,6,0,1,17
2326,2021,9,2,51.0,47.5,6,1,1,17
2327,2021,9,2,36.0,45.5,6,0,0,17
2328,2021,9,2,37.0,55.0,6,1,0,17
2329,2021,9,2,35.0,48.0,6,0,0,17
2330,2021,9,2,31.0,42.5,6,0,0,17
2331,2021,9,2,28.0,50.0,6,0,0,17
2332,2021,9,2,43.0,47.5,6,0,0,17
2333,2021,9,2,63.0,54.0,6,0,1,17
2334,2021,9,2,73.0,52.0,6,0,1,17
2335,2021,9,2,52.0,48.0,0,0,1,17
2336,2021,9,3,33.0,43.0,3,1,0,17
2337,2021,9,3,64.0,45.5,6,0,1,17
2338,2021,9,3,32.0,45.0,6,0,0,17
2339,2021,9,3,26.0,41.5,6,0,0,17
2340,2021,9,3,36.0,51.0,6,1,0,17
2341,2021,9,3,50.0,51.5,6,0,0,17
2342,2021,9,3,54.0,55.0,6,0,0,17
2343,2021,9,3,59.0,45.0,6,1,1,17
2344,2021,9,3,58.0,55.0,6,1,1,17
2345,2021,9,3,47.0,54.0,6,1,0,17
2346,2021,9,3,41.0,43.5,6,0,0,17
2347,2021,9,3,31.0,48.0,6,0,0,17
2348,2021,9,3,34.0,42.5,6,0,0,17
2349,2021,9,3,58.0,50.5,6,0,1,17
2350,2021,9,3,41.0,47.0,6,0,0,17
2351,2021,9,3,62.0,51.5,0,1,1,17
2352,2021,9,4,45.0,46.0,3,0,0,17
2353,2021,10,4,64.0,47.5,6,1,1,17
2354,2021,10,4,40.0,47.5,6,0,0,17
2355,2021,10,4,38.0,41.5,6,0,0,17
2356,2021,10,4,64.0,51.5,6,1,1,17
2357,2021,10,4,30.0,44.0,6,0,0,17
2358,2021,10,4,44.0,45.0,6,0,0,17
2359,2021,10,4,57.0,54.0,6,1,1,17
2360,2021,10,4,44.0,41.5,6,0,1,17
2361,2021,10,4,21.0,52.0,6,1,0,17
2362,2021,10,4,36.0,49.0,6,0,0,17
2363,2021,10,4,48.0,42.5,6,1,1,17
2364,2021,10,4,51.0,44.5,6,0,1,17
2365,2021,10,4,72.0,54.0,6,0,1,17
2366,2021,10,4,49.0,52.0,6,0,0,17
2367,2021,10,4,42.0,51.5,0,1,0,17
2368,2021,10,5,43.0,53.5,3,0,0,17
2369,2021,10,5,27.0,48.5,6,1,0,17
2370,2021,10,5,47.0,45.5,6,0,1,17
2371,2021,10,5,39.0,46.0,6,0,0,17
2372,2021,10,5,47.0,50.0,6,0,0,17
2373,2021,10,5,64.0,52.5,6,1,1,17
2374,2021,10,5,47.0,39.0,6,1,1,17
2375,2021,10,5,56.0,49.0,6,0,1,17
2376,2021,10,5,58.0,57.0,6,0,1,17
2377,2021,10,5,29.0,46.0,6,1,0,17
2378,2021,10,5,89.0,47.0,6,1,1,17
2379,2021,10,5,36.0,49.5,6,1,0,17
2380,2021,10,5,46.0,40.0,6,0,1,17
2381,2021,10,5,62.0,48.0,6,0,1,17
2382,2021,10,5,55.0,43.5,6,0,1,17
2383,2021,10,5,56.0,46.5,0,0,1,17
2384,2021,10,6,50.0,53.0,3,0,0,17
2385,2021,10,6,40.0,51.0,6,0,0,17
2386,2021,10,6,62.0,45.5,6,0,1,17
2387,2021,10,6,38.0,44.0,6,0,0,17
2388,2021,10,6,51.0,48.0,6,0,1,17
2389,2021,10,6,58.0,45.0,6,0,1,17
2390,2021,10,6,45.0,46.5,6,1,0,17
2391,2021,10,6,34.0,45.0,6,1,0,17
2392,2021,10,6,43.0,47.5,6,0,0,17
2393,2021,10,6,64.0,50.5,6,0,1,17
2394,2021,10,6,49.0,49.0,6,0,0,17
2395,2021,10,6,43.0,43.0,6,0,0,17
2396,2021,10,6,44.0,54.0,6,0,0,17
2397,2021,10,6,65.0,53.5,0,0,1,17
2398,2021,10,7,31.0,40.0,3,0,0,17
2399,2021,10,7,36.0,47.5,6,1,0,17
2400,2021,10,7,58.0,46.0,6,0,1,17
2401,2021,10,7,34.0,48.0,6,0,0,17
2402,2021,10,7,55.0,48.0,6,1,1,17
2403,2021,10,7,47.0,51.0,6,1,0,17
2404,2021,10,7,58.0,47.5,6,0,1,17
2405,2021,10,7,67.0,42.5,6,0,1,17
2406,2021,10,7,28.0,43.0,6,0,0,17
2407,2021,10,7,48.0,41.5,6,0,1,17
2408,2021,10,7,41.0,47.0,6,0,0,17
2409,2021,10,7,30.0,58.5,6,0,0,17
2410,2021,10,7,23.0,42.0,0,0,0,17
2411,2021,10,8,45.0,51.0,3,1,0,17
2412,2021,10,8,32.0,47.0,6,1,0,17
2413,2021,10,8,37.0,48.5,6,0,0,17
2414,2021,10,8,55.0,40.0,6,0,1,17
2415,2021,10,8,25.0,43.0,6,0,0,17
2416,2021,10,8,27.0,45.0,6,0,0,17
2417,2021,10,8,50.0,48.0,6,1,1,17
2418,2021,10,8,60.0,47.0,6,1,1,17
2419,2021,10,8,65.0,51.0,6,1,1,17
2420,2021,10,8,51.0,50.5,6,1,1,17
2421,2021,10,8,36.0,49.0,6,1,0,17
2422,2021,10,8,63.0,48.0,6,1,1,17
2423,2021,10,8,65.0,43.0,6,0,1,17
2424,2021,10,8,38.0,44.5,6,0,0,17
2425,2021,11,8,37.0,53.0,0,0,0,17
2426,2021,11,9,75.0,45.5,3,1,1,17
2427,2021,11,9,65.0,51.0,6,0,1,17
2428,2021,11,9,30.0,41.5,6,0,0,17
2429,2021,11,9,57.0,47.5,6,0,1,17
2430,2021,11,9,46.0,50.0,6,1,0,17
2431,2021,11,9,15.0,48.5,6,0,0,17
2432,2021,11,9,20.0,48.0,6,0,0,17
2433,2021,11,9,44.0,53.0,6,1,0,17
2434,2021,11,9,26.0,45.0,6,0,0,17
2435,2021,11,9,52.0,43.0,6,1,1,17
2436,2021,11,9,39.0,47.0,6,0,0,17
2437,2021,11,9,51.0,49.5,6,0,1,17
2438,2021,11,9,48.0,44.5,6,0,1,17
2439,2021,11,9,56.0,40.0,0,0,1,17
2440,2021,11,10,32.0,47.0,3,0,0,17
2441,2021,11,10,44.0,41.5,6,1,1,17
2442,2021,11,10,46.0,55.0,6,1,0,17
2443,2021,11,10,43.0,44.5,6,0,0,17
2444,2021,11,10,17.0,49.0,6,0,0,17
2445,2021,11,10,40.0,48.0,6,1,0,17
2446,2021,11,10,55.0,54.0,6,1,1,17
2447,2021,11,10,47.0,53.5,6,1,0,17
2448,2021,11,10,52.0,45.0,6,0,1,17
2449,2021,11,10,62.0,48.5,6,0,1,17
2450,2021,11,10,32.0,40.5,6,0,0,17
2451,2021,11,10,44.0,42.5,6,0,1,17
2452,2021,11,10,48.0,50.5,6,0,0,17
2453,2021,11,10,41.0,50.0,0,0,0,17
2454,2021,11,11,25.0,47.0,3,1,0,17
2455,2021,11,11,56.0,49.5,6,0,1,17
2456,2021,11,11,48.0,43.0,6,0,1,17
2457,2021,11,11,29.0,40.5,6,0,0,17
2458,2021,11,11,23.0,42.5,6,0,0,17
2459,2021,11,11,40.0,45.5,6,0,0,17
2460,2021,11,11,28.0,56.0,6,0,0,17
2461,2021,11,11,45.0,50.5,6,1,0,17
2462,2021,11,11,78.0,47.5,6,1,1,17
2463,2021,11,11,65.0,47.0,6,1,1,17
2464,2021,11,11,41.0,44.5,6,0,0,17
2465,2021,11,11,69.0,42.0,6,0,1,17
2466,2021,11,11,36.0,45.0,6,0,0,17
2467,2021,11,11,35.0,44.5,6,0,0,17
2468,2021,11,11,40.0,50.0,0,0,0,17
2469,2021,11,12,69.0,51.0,3,1,1,17
2470,2021,11,12,30.0,41.5,3,1,0,17
2471,2021,11,12,37.0,45.0,3,1,0,17
2472,2021,11,12,26.0,47.5,6,0,0,17
2473,2021,11,12,51.0,43.5,6,0,1,17
2474,2021,11,12,41.0,47.0,6,0,0,17
2475,2021,11,12,64.0,46.5,6,0,1,17
2476,2021,11,12,35.0,44.5,6,1,0,17
2477,2021,11,12,69.0,53.0,6,1,1,17
2478,2021,11,12,35.0,46.0,6,0,0,17
2479,2021,11,12,43.0,41.0,6,0,1,17
2480,2021,11,12,49.0,43.0,6,0,1,17
2481,2021,11,12,20.0,45.0,6,0,0,17
2482,2021,11,12,60.0,49.0,6,0,1,17
2483,2021,11,12,32.0,46.5,0,0,0,17
2484,2021,12,13,44.0,45.5,3,1,0,17
2485,2021,12,13,47.0,51.0,6,1,0,17
2486,2021,12,13,55.0,43.0,6,0,1,17
2487,2021,12,13,63.0,49.5,6,0,1,17
2488,2021,12,13,56.0,47.0,6,1,1,17
2489,2021,12,13,31.0,45.5,6,1,0,17
2490,2021,12,13,31.0,46.5,6,0,0,17
2491,2021,12,13,32.0,47.5,6,1,0,17
2492,2021,12,13,44.0,48.0,6,1,0,17
2493,2021,12,13,29.0,40.0,6,0,0,17
2494,2021,12,13,51.0,44.0,6,0,1,17
2495,2021,12,13,39.0,44.0,6,0,0,17
2496,2021,12,13,53.0,45.0,6,0,1,17
2497,2021,12,13,24.0,39.5,0,0,0,17
2498,2021,12,14,64.0,45.0,3,1,1,17
2499,2021,12,14,50.0,41.5,6,0,1,17
2500,2021,12,14,49.0,49.0,6,0,0,17
2501,2021,12,14,46.0,44.0,6,0,1,17
2502,2021,12,14,48.0,42.0,6,0,1,17
2503,2021,12,14,75.0,43.0,6,0,1,17
2504,2021,12,14,46.0,41.0,6,1,1,17
2505,2021,12,14,57.0,48.0,6,0,1,17
2506,2021,12,14,58.0,43.5,6,1,1,17
2507,2021,12,14,39.0,42.0,6,0,0,17
2508,2021,12,14,60.0,52.5,6,0,1,17
2509,2021,12,14,20.0,44.5,6,0,0,17
2510,2021,12,14,47.0,48.0,6,0,0,17
2511,2021,12,14,53.0,51.0,0,1,1,17
2512,2021,12,15,62.0,54.0,3,1,1,17
2513,2021,12,15,30.0,40.5,5,0,0,17
2514,2021,12,15,44.0,46.0,5,1,0,17
2515,2021,12,15,61.0,45.5,6,0,1,17
2516,2021,12,15,45.0,43.0,6,0,1,17
2517,2021,12,15,25.0,44.0,6,0,0,17
2518,2021,12,15,42.0,48.5,6,1,0,17
2519,2021,12,15,46.0,40.0,6,0,1,17
2520,2021,12,15,55.0,42.0,6,0,1,17
2521,2021,12,15,27.0,43.5,6,0,0,17
2522,2021,12,15,32.0,44.0,6,0,0,17
2523,2021,12,15,44.0,47.5,6,0,0,17
2524,2021,12,15,9.0,45.5,6,0,0,17
2525,2021,12,15,26.0,47.0,0,0,0,17
2526,2021,12,15,30.0,47.0,1,1,0,17
2527,2021,12,15,44.0,39.5,1,0,1,17
2528,2021,12,16,37.0,45.5,3,0,0,17
2529,2021,12,16,38.0,48.0,5,1,0,17
2530,2021,12,16,46.0,46.5,5,0,0,17
2531,2021,12,16,36.0,42.5,6,1,0,17
2532,2021,12,16,38.0,44.5,6,0,0,17
2533,2021,12,16,62.0,43.5,6,0,1,17
2534,2021,12,16,70.0,46.0,6,1,1,17
2535,2021,12,16,70.0,45.5,6,1,1,17
2536,2021,12,16,46.0,44.5,6,0,1,17
2537,2021,12,16,30.0,41.5,6,1,0,17
2538,2021,12,16,53.0,48.5,6,1,1,17
2539,2021,12,16,54.0,43.5,6,0,1,17
2540,2021,12,16,47.0,43.0,6,0,1,17
2541,2021,12,16,44.0,41.0,6,0,1,17
2542,2021,12,16,49.0,41.0,6,0,1,17
2543,2021,12,16,23.0,37.5,0,1,0,17
2544,2021,1,17,39.0,46.5,6,0,0,17
2545,2021,1,17,44.0,46.0,6,0,0,17
2546,2021,1,17,32.0,36.5,6,0,0,17
2547,2021,1,17,65.0,51.0,6,0,1,17
2548,2021,1,17,47.0,52.5,6,1,0,17
2549,2021,1,17,47.0,42.5,6,0,1,17
2550,2021,1,17,43.0,46.5,6,1,0,17
2551,2021,1,17,47.0,46.0,6,1,1,17
2552,2021,1,17,60.0,41.5,6,0,1,17
2553,2021,1,17,28.0,37.0,6,1,0,17
2554,2021,1,17,52.0,47.5,6,0,1,17
2555,2021,1,17,30.0,44.5,6,0,0,17
2556,2021,1,17,80.0,41.5,6,0,1,17
2557,2021,1,17,37.0,41.0,6,0,0,17
2558,2021,1,17,36.0,44.5,6,0,0,17
2559,2021,1,17,40.0,42.0,0,0,0,17
2560,2021,1,18,52.0,44.5,5,0,1,17
2561,2021,1,18,77.0,46.5,5,0,1,17
2562,2021,1,18,68.0,48.5,6,1,1,17
2563,2021,1,18,50.0,40.0,6,1,1,17
2564,2021,1,18,29.0,41.0,6,0,0,17
2565,2021,1,18,37.0,42.0,6,0,0,17
2566,2021,1,18,37.0,38.0,6,0,0,17
2567,2021,1,18,67.0,45.0,6,1,1,17
2568,2021,1,18,53.0,43.0,6,1,1,17
2569,2021,1,18,37.0,43.0,6,0,0,17
2570,2021,1,18,67.0,49.5,6,1,1,17
2571,2021,1,18,51.0,46.5,6,1,1,17
2572,2021,1,18,57.0,41.0,6,0,1,17
2573,2021,1,18,48.0,44.5,6,1,1,17
2574,2021,1,18,29.0,36.0,6,0,0,17
2575,2021,1,18,58.0,43.5,6,0,1,17
2576,2022,9,1,41.0,52.0,3,1,0,20
2577,2022,9,1,65.0,54.0,6,0,1,20
2578,2022,9,1,53.0,44.0,6,0,1,20
2579,2022,9,1,50.0,42.0,6,0,1,20
2580,2022,9,1,29.0,38.0,6,0,0,20
2581,2022,9,1,43.0,44.5,6,0,0,20
2582,2022,9,1,22.0,49.5,6,1,0,20
2583,2022,9,1,73.0,48.5,6,1,1,20
2584,2022,9,1,40.0,45.5,6,1,0,20
2585,2022,9,1,43.0,52.5,6,1,0,20
2586,2022,9,1,27.0,46.5,6,0,0,20
2587,2022,9,1,30.0,46.5,6,1,0,20
2588,2022,9,1,33.0,44.0,6,0,0,20
2589,2022,9,1,41.0,44.0,6,0,0,20
2590,2022,9,1,50.0,43.0,6,0,1,20
2591,2022,9,1,33.0,44.0,0,0,0,20
2592,2022,9,2,51.0,52.5,3,0,0,20
2593,2022,9,2,80.0,44.0,6,0,1,20
2594,2022,9,2,61.0,38.5,6,0,1,20
2595,2022,9,2,37.0,42.0,6,1,0,20
2596,2022,9,2,25.0,45.5,6,0,0,20
2597,2022,9,2,63.0,48.0,6,1,1,20
2598,2022,9,2,37.0,42.0,6,0,0,20
2599,2022,9,2,24.0,43.5,6,0,0,20
2600,2022,9,2,52.0,52.0,6,1,0,20
2601,2022,9,2,58.0,46.0,6,1,1,20
2602,2022,9,2,30.0,43.5,6,1,0,20
2603,2022,9,2,35.0,43.5,6,0,0,20
2604,2022,9,2,31.0,40.0,6,0,0,20
2605,2022,9,2,34.0,39.5,6,0,0,20
2606,2022,9,2,48.0,47.5,0,0,1,20
2607,2022,9,2,31.0,49.5,0,0,0,20
2608,2022,9,3,46.0,38.0,3,0,1,20
2609,2022,9,3,32.0,48.5,6,0,0,20
2610,2022,9,3,36.0,41.0,6,0,0,20
2611,2022,9,3,43.0,39.0,6,0,1,20
2612,2022,9,3,21.0,45.0,6,0,0,20
2613,2022,9,3,37.0,51.0,6,1,0,20
2614,2022,9,3,48.0,46.5,6,1,1,20
2615,2022,9,3,40.0,54.5,6,0,0,20
2616,2022,9,3,52.0,51.5,6,1,1,20
2617,2022,9,3,63.0,44.5,6,0,1,20
2618,2022,9,3,39.0,46.0,6,0,0,20
2619,2022,9,3,50.0,43.5,6,0,1,20
2620,2022,9,3,26.0,42.0,6,0,0,20
2621,2022,9,3,46.0,45.5,6,0,1,20
2622,2022,9,3,32.0,47.5,6,0,0,20
2623,2022,9,3,39.0,38.5,0,0,1,20
2624,2022,9,4,42.0,49.0,3,0,0,20
2625,2022,10,4,43.0,48.5,6,0,0,20
2626,2022,10,4,43.0,50.0,6,0,0,20
2627,2022,10,4,42.0,43.5,6,0,0,20
2628,2022,10,4,35.0,41.0,6,1,0,20
2629,2022,10,4,93.0,48.5,6,1,1,20
2630,2022,10,4,51.0,40.0,6,0,1,20
2631,2022,10,4,58.0,45.0,6,1,1,20
2632,2022,10,4,41.0,43.0,6,1,0,20
2633,2022,10,4,55.0,45.5,6,1,1,20
2634,2022,10,4,53.0,42.0,6,1,1,20
2635,2022,10,4,32.0,39.5,6,0,0,20
2636,2022,10,4,50.0,44.0,6,0,1,20
2637,2022,10,4,44.0,41.0,6,0,1,20
2638,2022,10,4,72.0,47.5,6,0,1,20
2639,2022,10,4,33.0,42.5,0,0,0,20
2640,2022,10,5,21.0,42.0,3,0,0,20
2641,2022,10,5,37.0,49.0,6,0,0,20
2642,2022,10,5,36.0,48.0,6,0,0,20
2643,2022,10,5,41.0,44.5,6,0,0,20
2644,2022,10,5,52.0,40.0,6,0,1,20
2645,2022,10,5,58.0,46.5,6,0,1,20
2646,2022,10,5,49.0,42.0,6,0,1,20
2647,2022,10,5,19.0,43.5,6,0,0,20
2648,2022,10,5,32.0,41.5,6,1,0,20
2649,2022,10,5,51.0,44.0,6,1,1,20
2650,2022,10,5,29.0,47.0,6,0,0,20
2651,2022,10,5,71.0,45.0,6,1,1,20
2652,2022,10,5,57.0,46.0,6,0,1,20
2653,2022,10,5,36.0,46.0,6,0,0,20
2654,2022,10,5,38.0,43.0,6,0,0,20
2655,2022,10,5,59.0,51.5,0,0,1,20
2656,2022,10,6,19.0,38.0,3,0,0,20
2657,2022,10,6,42.0,45.5,6,0,0,20
2658,2022,10,6,53.0,43.0,6,0,1,20
2659,2022,10,6,37.0,45.0,6,0,0,20
2660,2022,10,6,61.0,41.0,6,1,1,20
2661,2022,10,6,44.0,54.0,6,0,0,20
2662,2022,10,6,34.0,41.0,6,1,0,20
2663,2022,10,6,40.0,45.0,6,0,0,20
2664,2022,10,6,56.0,42.5,6,1,1,20
2665,2022,10,6,44.0,45.5,6,0,0,20
2666,2022,10,6,43.0,42.5,6,0,1,20
2667,2022,10,6,38.0,46.5,6,0,0,20
2668,2022,10,6,28.0,50.5,6,0,0,20
2669,2022,10,6,35.0,45.5,0,1,0,20
